﻿<?xml version="1.0" encoding="utf-8" ?>
<all2all xmlns:xsd="http://www.w3.org/2001/XMLSchema" xmlns:xsi="http://www.w3.org/2001/XMLSchema-instance"
         xsi:schemaLocation="All2AllV1 C:\Repo\All2All\All2AllXml\Data\All2AllV1.xsd">
  <node_types>
    <node_type id="Dir">
      <field_type field_name="label" display_style="String"/>
    </node_type>
    <node_type id="File">
      <field_type field_name="label" display_style="String"/>
      <field_type field_name="width" display_style="Number"/>
      <field_type field_name="height" display_style="Number"/>
      <field_type field_name="size" display_style="FileSize"/>
      <field_type field_name="seconds" display_style="TimeMinSec"/>
    </node_type>
  </node_types>
  <nodes>
    <node id="Root" type="Dir" label="Root"/>
    <node id="A" type="Dir" label="Label A"/>
    <node id="B" type="Dir" label="Label B"/>
    <node id="A1" type="Dir" label="A1"/>
    <node id="A2" type="Dir" label="A2"/>
    <node id="A11" type="Dir" label="A11"/>

    <node id="FRoot" type="File" label="File Root" width="320" height="200" size="1234567890" seconds="105"/>
    <node id="FA" type="File" label="File A" width="1024" height="768" size="123456789" seconds="205"/>
    <node id="FA1" type="File" label="File A1" width="1920" height="1080" size="12345678" seconds="4256"/>
    <node id="FA11" type="File" label="File A11" width="640" height="480" size="1234567" seconds="1579"/>
    <!-- Valid values for duration: PT1004199059S, PT130S, PT2M10S, P1DT2S, -P1Y, or P1Y2M3DT5H20M30.123S. -->
  </nodes>
  <ref_types>
    <ref_type id="cnt" meaning="Contains" meaning_reverse="Belongs to"/>
  </ref_types>
  <refs>
    <ref  from="Root" to="A" type="cnt"/>
    <ref  from="Root" to="B" type="cnt"/>
    <ref  from="A" to="A1" type="cnt"/>
    <ref  from="A" to="A2" type="cnt"/>
    <ref  from="A1" to="A11" type="cnt"/>

    <ref  from="Root" to="FRoot" type="cnt"/>
    <ref  from="A" to="FA" type="cnt"/>
    <ref  from="A1" to="FA1" type="cnt"/>
    <ref  from="A11" to="FA11" type="cnt"/>
  </refs>
</all2all>
