﻿<?xml version="1.0" encoding="utf-8" ?>
<config xmlns:xsi="http://www.w3.org/2001/XMLSchema-instance" xmlns:xsd="http://www.w3.org/2001/XMLSchema" xsi:schemaLocation="DataWalkerConfig ..\Data\DataWalker.Config.xsd">
  <environments>
    <environment name="LocalDb1" icon_file="Trello" selected="true" max_row_count="1000">
      <connection name="LocalDb" type="mssql" conn_file="C:\!Work\Conn\LocalDb" />
      <!--<connection name="Str" type="oracle" conn_string="Data source=(DESCRIPTION = (ADDRESS = (protocol=tcp)(port=1521)(host=LOCALHOST))(connect_data=(SID=xe)));User ID=HR;Password=1234"/>-->
    </environment>
    <environment name="LocalDb2" icon_file="BugNet" max_row_count="1000">
      <connection name="LocalDb" type="mssql" conn_file="C:\!Work\Conn\LocalDb"/>
      <!--<connection name="Str" type="oracle" conn_string="Data source=(DESCRIPTION = (ADDRESS = (protocol=tcp)(port=1521)(host=LOCALHOST))(connect_data=(SID=xe)));User ID=HR;Password=1234"/>-->
    </environment>
  </environments>
  <folders graphics="C:\Users\budan\.freemind\icons" />
  <toolbar1 vertical="true" merge_cells="true" />
  <toolbar2>
  </toolbar2>
</config>
 