﻿<?xml version="1.0" encoding="utf-8" ?>
<model name="AcuteAware" xmlns:xsi="http://www.w3.org/2001/XMLSchema-instance" xmlns:xsd="http://www.w3.org/2001/XMLSchema" xsi:schemaLocation="NbOrmModelV1 NbOrm.xsd">
  <tables>
    <table name="INFORMATION_SCHEMA.COLUMNS">
      <field name="TABLE_CATALOG " Ctype="string" length="128"/>
      <field name="TABLE_SCHEMA " Ctype="string" length="128"/>
      <field name="TABLE_NAME " Ctype="string" length="128"/>
      <field name="COLUMN_NAME " Ctype="string" length="128"/>
      <field name="ORDINAL_POSITION " Ctype="int" />
      <field name="COLUMN_DEFAULT " Ctype="string" />
      <field name="IS_NULLABLE " Ctype="string" length="3"/>
      <field name="DATA_TYPE " Ctype="string" length="128"/>
      <field name="CHARACTER_MAXIMUM_LENGTH" Ctype="int"/>
      <field name="CHARACTER_OCTET_LENGTH" Ctype="" length=""/>
      <field name="NUMERIC_PRECISION" Ctype="" length=""/>
      <field name="NUMERIC_PRECISION_RADIX" Ctype="" length=""/>
      <field name="NUMERIC_SCALE" Ctype="" length=""/>
      <field name="DATETIME_PRECISION" Ctype="" length=""/>
      <field name="CHARACTER_SET_CATALOG" Ctype="" length=""/>
      <field name="CHARACTER_SET_SCHEMA" Ctype="" length=""/>
      <field name="CHARACTER_SET_NAME" Ctype="" length=""/>
      <field name="COLLATION_CATALOG" Ctype="" length=""/>
      <field name="COLLATION_SCHEMA" Ctype="" length=""/>
      <field name="COLLATION_NAME" Ctype="" length=""/>
      <field name="DOMAIN_CATALOG" Ctype="" length=""/>
      <field name="DOMAIN_SCHEMA" Ctype="" length=""/>
      <field name="DOMAIN_NAME" Ctype="" length=""/>
    </table>
  </tables>
</model>