﻿<?xml version="1.0" encoding="utf-8"?>
<a2a_types xmlns:xsd="http://www.w3.org/2001/XMLSchema" xmlns:xsi="http://www.w3.org/2001/XMLSchema-instance" xsi:schemaLocation="A2aTypes A2aTypes.xsd">
  <types>
    <type name="Foo">
      <column name="foocol" display_type="String"/>
    </type>
    <type name="bar">
      <column name="foocol" display_type="String"/>
    </type>
  </types>
  
  <tree_views>
    <tree_view name="tv1">
      <type>Foo</type>
      <type>bar</type>
    </tree_view>
  </tree_views>
  
  <list_views>
    <list_view name="lv1" type="bar"/>
  </list_views>
</a2a_types>
  