﻿<?xml version="1.0" encoding="utf-8"?>
<sql_xml xmlns:xsd="http://www.w3.org/2001/XMLSchema" xmlns:xsi="http://www.w3.org/2001/XMLSchema-instance" xsi:schemaLocation="A2aCommands NbSqlXml.xsd">
  <sql>select * from Files</sql>
  <table name="Files" alias="fl">
    <field name="Id"/>
    <!--<field name="Name" order_ind="1"/>-->
    <field name="Extension"/>
    <field name="Size"/>
    <field name="CreatedDate"/>
    <field name="Hash"/>
  </table>
  <table name="Videos" alias="vf">
    <join field="Id" to_table="Files" to_field="Hash"/>
    <field name="Duration" order_ind="1"/>
    <field name="Height"/>
    <field name="Width"/>
    <field name="OverallBitRate"/>
    <field name="VideoFrameRate"/>
  </table>
  <filter>
    <contain field="Name" val="kitty"/>
    <!--<in_subtree field="TODO:remove" tree_table="Dirs" root_node_id="12" root_node_type="Dir"/>-->
  </filter>
</sql_xml>

