﻿<?xml version="1.0" encoding="utf-8"?>
<content xml:space="preserve">

    <!-- This is not used by the presentation style but some build components may expect it to exist -->
    <item id="iconPath">../media/{0}</item>

    <!-- Topic title -->
    <item id="boilerplate_pageTitle">{0}</item>

    <!-- Alert titles -->
	<item id="alert_title_tip"><b>提示：</b></item>
	<item id="alert_title_caution"><b>警告：</b></item>
	<item id="alert_title_security"><b>安全性事项：</b></item>
	<item id="alert_title_note"><b>备注：</b></item>
	<item id="alert_title_important"><b>重要事项</b></item>
	<item id="alert_title_visualBasic"><b>Visual Basic备注：</b></item>
	<item id="alert_title_visualC#"><b>C# 备注：</b></item>
	<item id="alert_title_visualC++"><b>C++ 备注：</b></item>
	<item id="alert_title_visualJ#"><b>J# 备注：</b></item>
	<item id="text_NotesForImplementers">Notes to Implementers</item>
	<item id="text_NotesForCallers">Notes to Callers</item>
	<item id="text_NotesForInheritors">Notes to Inheritors</item>

	<!-- Alert alt text -->
	<item id="alert_altText_tip">提示</item>
	<item id="alert_altText_caution">警告</item>
	<item id="alert_altText_security">安全性事项</item>
	<item id="alert_altText_note">备注</item>
	<item id="alert_altText_important">重要事项</item>
	<item id="alert_altText_visualBasic">Visual Basic备注</item>
	<item id="alert_altText_visualC#">C#备注</item>
	<item id="alert_altText_visualC++">C++备注</item>
	<item id="alert_altText_visualJ#">J#备注</item>	

    <!-- Section titles -->
	<item id="title_remarks">备注</item>
	<item id="title_changeHistory">修订历史</item>
	<item id="title_events">事件</item>
	<item id="title_exceptions">异常</item>
	<item id="title_contracts">约定</item>
	<item id="title_setter">Set</item>
	<item id="title_getter">Get</item>
	<item id="title_seeAlso_tasks">任务</item>
	<item id="title_seeAlso_reference">引用</item>
	<item id="title_seeAlso_concepts">概念</item>
	<item id="title_seeAlso_otherResources">其他资源</item>

    <item id="inline_dynamicLink_prefixText">要获取更多信息，请参考 </item>
    <item id="inline_dynamicLink_postfixText">.</item>
    <item id="inline_dynamicLink_separatorText"> 和 </item>

    <!-- Development language and code snippet titles for languages without a syntax generator -->
		<item id="devlang_batch">Batch Script</item>
    <item id="devlang_HTML">HTML</item>
    <item id="devlang_PShell">PowerShell</item>
    <item id="devlang_Python">Python</item>
    <item id="devlang_SQL">SQL</item>
    <item id="devlang_VBScript">Visual Basic Script</item>
    <item id="devlang_VisualBasicAndCSharp">Visual Basic 和 C#</item>
    <item id="devlang_XML">XML</item>

    <!-- Language keywords -->
    <item id="devlang_nullKeyword">a null reference (<span class="CodeInline">Nothing</span> in Visual Basic)</item>
    <item id="devlang_staticKeyword"><span class="CodeInline">static</span> (<span class="CodeInline">Shared</span> in Visual Basic)</item>
    <item id="devlang_virtualKeyword"><span class="CodeInline">virtual</span> (<span class="CodeInline">Overridable</span> in Visual Basic)</item>
    <item id="devlang_trueKeyword"><span class="CodeInline">true</span> (<span class="CodeInline">True</span> in Visual Basic)</item>
    <item id="devlang_falseKeyword"><span class="CodeInline">false</span> (<span class="CodeInline">False</span> in Visual Basic)</item>
    <item id="devlang_abstractKeyword"><span class="CodeInline">abstract</span> (<span class="CodeInline">MustInherit</span> in Visual Basic)</item>
    <item id="devlang_sealedKeyword"><span class="CodeInline">sealed</span> (<span class="CodeInline">NotInheritable</span> in Visual Basic)</item>
    <item id="devlang_asyncKeyword"><span class="CodeInline">async</span> (<span class="CodeInline">Async</span> in Visual Basic)</item>
    <item id="devlang_awaitKeyword"><span class="CodeInline">await</span> (<span class="CodeInline">Await</span> in Visual Basic)</item>
    <item id="devlang_asyncAwaitKeyword"><span class="CodeInline">async</span>/<span class="CodeInline">await</span> (<span class="CodeInline">Async</span>/<span class="CodeInline">Await</span> in Visual Basic)</item>

    <!-- Back to Top link text -->
    <item id="top">返回到顶部</item>

</content>
