﻿<?xml version="1.0" encoding="utf-8" ?>
<model name="OracleSchema" xmlns:xsi="http://www.w3.org/2001/XMLSchema-instance" xmlns:xsd="http://www.w3.org/2001/XMLSchema" xsi:schemaLocation="NbOrmModelV1 NbOrm.xsd">
  <tables>
    <table name="USER_TAB_COLUMNS">
      <field name="TABLE_NAME" Ctype="string" length="30"  null="false" />
      <field name="COLUMN_NAME" Ctype="string" length="30"  null="false" />
      <field name="DATA_TYPE"   Ctype="string" length="106" null="true" />
      <field name="DATA_PRECISION" Ctype="int" null="true" />
      <field name="DATA_SCALE" Ctype="int" null="true"/>
      <field name="NULLABLE"  Ctype="bool" null="true"/>
      <field name="COLUMN_ID" Ctype="int" null="true"/>
      <field name="CHARACTER_SET_NAME" Ctype="string" length="44" null="true"/>
      <field name="CHAR_LENGTH" Ctype="int" null="true" />
    </table>
    <table name="USER_CONSTRAINTS">
      <field name="OWNER"  null="false"  Ctype="string" length="30" />
      <field name="CONSTRAINT_NAME" null="false" Ctype="string" length="30" />
      <field name="CONSTRAINT_TYPE"  null="true" Ctype="char" />
      <field name="TABLE_NAME"  null="false" Ctype="string" length="30" />
      <field name="SEARCH_CONDITION" null="true" Ctype="string"             />
      <field name="R_OWNER" null="true" Ctype="string" length="30" />
      <field name="R_CONSTRAINT_NAME" null="true" Ctype="string" length="30" />
      <field name="DELETE_RULE" null="true" Ctype="string" length="9" />
      <field name="STATUS" null="true" Ctype="string" length="8" />
      <field name="DEFERRABLE" null="true" Ctype="string" length="14" />
      <field name="DEFERRED" null="true" Ctype="string" length="9" />
      <field name="VALIDATED" null="true" Ctype="string" length="13" />
      <field name="GENERATED" null="true" Ctype="string" length="14" />
      <field name="BAD" null="true" Ctype="string" length="3" />
      <field name="RELY" null="true" Ctype="string" length="4" />
      <field name="LAST_CHANGE" null="true" Ctype="DateTime" />
      <field name="INDEX_OWNER" null="true" Ctype="string" length="30" />
      <field name="INDEX_NAME" null="true" Ctype="string" length="30" />
      <field name="INVALID" null="true" Ctype="string" length="7" />
      <field name="VIEW_RELATED"   null="true"  Ctype="string" length="14" />
    </table>
    <table name="USER_CONS_COLUMNS">
      <field name="OWNER"  null="false"  Ctype="string" length="30" />
      <field name="CONSTRAINT_NAME"  null="false"  Ctype="string" length="30" />
      <field name="TABLE_NAME"  null="false"  Ctype="string" length="30" />
      <field name="COLUMN_NAME"  null="true"  Ctype="string" length="30" />
      <field name="POSITION"  null="true"  Ctype="int" />
    </table>
  </tables>
</model>