<?xml version="1.0" encoding="utf-8"?>
<config xmlns:xsd="http://www.w3.org/2001/XMLSchema" xmlns:xsi="http://www.w3.org/2001/XMLSchema-instance">
  <environments>
    <environment name="Env1" selected="true" icon_file="Trello" max_row_count="1000">
      <connection name="FMan" type="mssql" conn_file="C:\App\Conn\LocalFMan" />
      <connection name="NorthWind" type="mssql" conn_file="C:\App\Conn\LocalNorthwind" />
    </environment>
    <environment name="Env2" icon_file="BugNet" max_row_count="1000">
      <connection name="FMan" type="mssql" conn_file="C:\App\Conn\LocalFMan" />
      <connection name="NorthWind" type="mssql" conn_file="C:\App\Conn\CoreI3Northwind" />
    </environment>
  </environments>
  <folders graphics="C:\Users\budan\.freemind\icons" />
  <toolbar1 vertical="true" merge_cells="true" last_table="dbo.Files" />
  <toolbar2>
    <query_button name="Exp" icon_file="MBNA" shortcut="Control, M" />
    <query_button name="DgmlExample" icon_file="stumbleupon_16" shortcut="Control, D" />
  </toolbar2>
</config>