<?xml version="1.0" encoding="utf-8"?>
<layout_info  xmlns:xsd="http://www.w3.org/2001/XMLSchema" xmlns:xsi="http://www.w3.org/2001/XMLSchema-instance" xsi:schemaLocation="NbCollV1 C:\Repo\NbTools\NbTools\Collections\NbColl.xsd">
  <enum_file path="Home.csv"/>

  <table name="COUNTRIES">
    <fields>
      <field name="COUNTRY_ID" key="primary" type="string"/>
      <field name="COUNTRY_NAME" type="string" color="C1"/>
      <field name="REGION_ID" type="int" color="C2">
        <link ref_type="foreign" ref_table="REGIONS" ref_field="REGION_ID" layout="TextOnly" ref_comment="Comment for simple link" />
        <link ref_type="foreign" ref_table="DEPARTMENTS" ref_field="DEPARTMENT_ID" layout="IconOnly" ref_comment="Comment for Icon" ref_icon="bebo_16.png" />
      </field>
      <field name="SOME_BLOB" type="blob" color="C3" null="true">
        <link ref_type="blob" ref_table="COUNTRIES" ref_field="SOME_BLOB" ref_comment="Comment for self-blob" />
      </field>
      <field name="NULL_COL" type="int" color="C4" null="true"/>
    </fields>
  </table>
</layout_info>