﻿<?xml version="1.0" encoding="utf-8"?>
<content xml:space="preserve">

	<!-- Media file path -->
	<item id="mediaPath">media/{0}</item>

	<!-- Topic title -->
	<item id="boilerplate_pageTitle">{0}</item>
	<item id="header"></item>

	<!-- Alert titles -->
	<item id="alert_title_tip">ヒント</item>
	<item id="alert_title_caution">注意</item>
	<item id="alert_title_security">セキュリティ メモ</item>
	<item id="alert_title_note">メモ</item>
	<item id="alert_title_important">重要</item>
	<item id="alert_title_visualBasic">Visual Basic メモ</item>
	<item id="alert_title_visualC#">C# メモ</item>
	<item id="alert_title_visualC++">C++ メモ</item>
	<item id="alert_title_visualJ#">J# メモ</item>
	<item id="text_NotesForImplementers">実装時の注意</item>
	<item id="text_NotesForCallers">利用時の注意</item>
	<item id="text_NotesForInheritors">継承する場合の注意</item>

	<!-- Alert alt text -->
	<item id="alert_altText_tip">ヒント</item>
	<item id="alert_altText_caution">注意 メモ</item>
	<item id="alert_altText_security">セキュリティ メモ</item>
	<item id="alert_altText_note">メモ</item>
	<item id="alert_altText_important">重要 メモ</item>
	<item id="alert_altText_visualBasic">Visual Basic メモ</item>
	<item id="alert_altText_visualC#">C# メモ</item>
	<item id="alert_altText_visualC++">C++ メモ</item>
	<item id="alert_altText_visualJ#">J# メモ</item>

	<!-- Section titles -->
	<item id="title_remarks">解説</item>
	<item id="title_changeHistory">変更履歴</item>
	<item id="title_events">イベント</item>
	<item id="title_exceptions">例外</item>
	<item id="title_contracts">契約</item>
	<item id="title_setter">Set</item>
	<item id="title_getter">Get</item>
	<item id="title_seeAlso_tasks">タスク</item>
	<item id="title_seeAlso_reference">参照</item>
	<item id="title_seeAlso_concepts">コンセプト</item>
	<item id="title_seeAlso_otherResources">その他のリソース</item>

	<item id="inline_dynamicLink_prefixText">より詳しくは、</item>
	<item id="inline_dynamicLink_postfixText">を参照してください。</item>
	<item id="inline_dynamicLink_separatorText">と</item>

	<!-- Development language and code snippet titles for languages without a syntax generator -->
	<item id="devlang_batch">Batch Script</item>
	<item id="devlang_HTML">HTML</item>
	<item id="devlang_PShell">PowerShell</item>
	<item id="devlang_Python">Python</item>
	<item id="devlang_SQL">SQL</item>
	<item id="devlang_VBScript">Visual Basic Script</item>
	<item id="devlang_VisualBasicAndCSharp">Visual Basic と C#</item>
	<item id="devlang_XML">XML</item>

	<!-- Language keywords -->
	<item id="devlang_nullKeyword">null 参照(Visual Basicでは`Nothing`)</item>
	<item id="devlang_staticKeyword">`static` (Visual Basicでは`Shared`)</item>
	<item id="devlang_virtualKeyword">`virtual` (Visual Basicでは`Overridable`)</item>
	<item id="devlang_trueKeyword">`true` (Visual Basicでは`True`)</item>
	<item id="devlang_falseKeyword">`false` (Visual Basicでは`False`)</item>
	<item id="devlang_abstractKeyword">`abstract` (Visual Basicでは`MustInherit`)</item>
	<item id="devlang_sealedKeyword">`sealed` (Visual Basicでは`NotInheritable`)</item>
	<item id="devlang_asyncKeyword">`async` (Visual Basicでは`Async`)</item>
	<item id="devlang_awaitKeyword">`await` (Visual Basicでは`Await`)</item>
	<item id="devlang_asyncAwaitKeyword">`async`/`await` (Visual Basicでは`Async`/`Await`)</item>

	<!-- Back to Top link text -->
	<item id="top">トップ</item>

</content>
