<!--
RSS generated by JIRA (1000.929.1#100040-sha1:44337ab80a74bdc9c1cbf5e9a8750d0b97459db1) at Sat Apr 29 22:16:30 BST 2017

It is possible to restrict the fields that are returned in this document by specifying the 'field' parameter in your request.
For example, to request only the issue key and summary add field=key&field=summary to the URL of your request.
For example:
https://qnikbud.atlassian.net/sr/jira.issueviews:searchrequest-xml/temp/SearchRequest.xml?jqlQuery=order+by+created+DESC&amp;tempMax=1000&amp;field=key&amp;field=summary
-->
<!-- If you wish to do custom client-side styling of RSS, uncomment this:
<?xml-stylesheet href="https://qnikbud.atlassian.net/styles/jiraxml2html.xsl" type="text/xsl"?>
-->
<rss version="0.92">
  <channel>
    <title>JIRA</title>
    <link>https://qnikbud.atlassian.net/issues/?jql=order+by+created+DESC</link>
    <description>An XML representation of a search request</description>
    <language>en-us</language>
    <issue start="0" end="2" total="2"/>
    <build-info>
      <version>1000.929.1</version>
      <build-number>100040</build-number>
      <build-date>28-04-2017</build-date>
    </build-info>
    <item>
      <title>[YFP-2] Problem 2</title>
      <link>https://qnikbud.atlassian.net/browse/YFP-2</link>
      <project id="10000" key="YFP">Your first project</project>
      <description/>
      <environment/>
      <key id="10001">YFP-2</key>
      <summary>Problem 2</summary>
      <type id="10001" iconUrl="https://qnikbud.atlassian.net/secure/viewavatar?size=xsmall&amp;avatarId=10318&amp;avatarType=issuetype">Task</type>
      <priority id="3" iconUrl="https://qnikbud.atlassian.net/images/icons/priorities/medium.svg">Medium</priority>
      <status id="10000" iconUrl="https://qnikbud.atlassian.net/" description="">Backlog</status>
      <statusCategory id="2" key="new" colorName="blue-gray"/>
      <resolution id="-1">Unresolved</resolution>
      <assignee username="admin">Duke Nukem  [Administrator]</assignee>
      <reporter username="admin">Duke Nukem  [Administrator]</reporter>
      <labels>
      </labels>
      <created>Sun, 21 Aug 2016 08:41:13 +0100</created>
      <updated>Sun, 21 Aug 2016 08:41:13 +0100</updated>
      <due/>
      <votes>0</votes>
      <watches>1</watches>
      <attachments>
      </attachments>
      <subtasks>
      </subtasks>
      <customfields>
        <customfield id="customfield_10002" key="com.atlassian.servicedesk.approvals-plugin:sd-approvals">
          <customfieldname>Approvals</customfieldname>
          <customfieldvalues>

          </customfieldvalues>
        </customfield>
        <customfield id="customfield_10200" key="com.atlassian.jira.plugins.jira-development-integration-plugin:devsummarycf">
          <customfieldname>Development</customfieldname>
          <customfieldvalues>

          </customfieldvalues>
        </customfield>
        <customfield id="customfield_10021" key="com.pyxis.greenhopper.jira:gh-lexo-rank">
          <customfieldname>Rank</customfieldname>
          <customfieldvalues>
            <customfieldvalue>0|i00007:</customfieldvalue>

          </customfieldvalues>
        </customfield>
        <customfield id="customfield_10014" key="com.atlassian.bonfire.plugin:bonfire-testing-status-cft">
          <customfieldname>Testing status</customfieldname>
          <customfieldvalues>

          </customfieldvalues>
        </customfield>
      </customfields>
    </item>

    <item>
      <title>[YFP-1] Problem 1</title>
      <link>https://qnikbud.atlassian.net/browse/YFP-1</link>
      <project id="10000" key="YFP">Your first project</project>
      <description/>
      <environment/>
      <key id="10000">YFP-1</key>
      <summary>Problem 1</summary>
      <type id="10001" iconUrl="https://qnikbud.atlassian.net/secure/viewavatar?size=xsmall&amp;avatarId=10318&amp;avatarType=issuetype">Task</type>
      <priority id="3" iconUrl="https://qnikbud.atlassian.net/images/icons/priorities/medium.svg">Medium</priority>
      <status id="10001" iconUrl="https://qnikbud.atlassian.net/" description="">Selected for Development</status>
      <statusCategory id="2" key="new" colorName="blue-gray"/>
      <resolution id="-1">Unresolved</resolution>
      <assignee username="admin">Duke Nukem  [Administrator]</assignee>
      <reporter username="admin">Duke Nukem  [Administrator]</reporter>
      <labels>
      </labels>
      <created>Sun, 21 Aug 2016 08:40:50 +0100</created>
      <updated>Sun, 21 Aug 2016 08:41:23 +0100</updated>
      <due/>
      <votes>0</votes>
      <watches>1</watches>
      <attachments>
      </attachments>
      <subtasks>
      </subtasks>
      <customfields>
        <customfield id="customfield_10002" key="com.atlassian.servicedesk.approvals-plugin:sd-approvals">
          <customfieldname>Approvals</customfieldname>
          <customfieldvalues>

          </customfieldvalues>
        </customfield>
        <customfield id="customfield_10200" key="com.atlassian.jira.plugins.jira-development-integration-plugin:devsummarycf">
          <customfieldname>Development</customfieldname>
          <customfieldvalues>

          </customfieldvalues>
        </customfield>
        <customfield id="customfield_10021" key="com.pyxis.greenhopper.jira:gh-lexo-rank">
          <customfieldname>Rank</customfieldname>
          <customfieldvalues>
            <customfieldvalue>0|hzzzzz:</customfieldvalue>

          </customfieldvalues>
        </customfield>
        <customfield id="customfield_10014" key="com.atlassian.bonfire.plugin:bonfire-testing-status-cft">
          <customfieldname>Testing status</customfieldname>
          <customfieldvalues>

          </customfieldvalues>
        </customfield>
      </customfields>
    </item>
  </channel>
</rss>