﻿<?xml version="1.0" encoding="utf-8"?>
<a2a_types xmlns:xsd="http://www.w3.org/2001/XMLSchema" xmlns:xsi="http://www.w3.org/2001/XMLSchema-instance" xsi:schemaLocation="A2aTypes C:\Repo\NbTools\NbTools\Filter\A2aTypes.xsd">
	<types>
		<type name="folder">
			<column name="name" display_type="String"/>
		</type>

		<type name="file">
			<column name="NodeName" display_type="String"/>
			<column name="Size" display_type="FileSize"/>
		</type>

	</types>

	<tree_views>
		<tree_view name="folder">
			<type>folder</type>
		</tree_view>
	</tree_views>

	<list_views>
		<list_view name="Files" type="file" request_name="file"  />
	</list_views>
</a2a_types>
