<?xml version="1.0" encoding="utf-8"?>
<layout_info  xmlns:xsd="http://www.w3.org/2001/XMLSchema" xmlns:xsi="http://www.w3.org/2001/XMLSchema-instance"
              xsi:schemaLocation="NbCollV1 C:\Repo\NbTools\NbTools\Collections\NbColl.xsd">

  <table name="Entity">
    <fields>
      <field name="Id" key="primary" type="string"/>
      <field name="Name" type="string"/>
      <field name="Type" type="string" null="true">
        <link ref_type="foreign"  ref_table="EntityType" ref_field="Name" />
      </field>
      <field name="Parents"  split_by="|" null="true" type="string">
        <link ref_type="foreign"  ref_table="Entity" ref_field="Id"/>
      </field>
      <field name="Icon" type="string" null="true"/>
      <field name="Launcher" type="string" null="true"/>
      <field name="CopyToClipboard" type="string" null="true"/>
      <field name="ShortCut" type="string" null="true"/>
      <field name="AccessTime" type="DateTime" null="true"/>
      <field name="Url" type="string" null="true"/>
      <field name="ArchivedDate" type="DateTime" null="true"/>
      <field name="QuickToolbarOrder" type="int" null="true"/>
      <field name="Path" type="string"  split_by="|" null="true">
        <link ref_type="foreign"  ref_table="Entity" ref_field="Id" />
      </field>
      <field name="Size" type="long" null="true"/>
      <field name="FileCreatedTime" type="DateTime" null="true"/>
      <field name="Extension" type="string" null="true"/>
    </fields>
  </table>

  <table name="ColumnMap">
    <fields>
      <field name="LayoutName" type="string"/>
      <field name="ColumnName" type="string"/>
      <field name="ColumnLabel" type="string"/>
      <field name="Width" type="int"/>
    </fields>
  </table>

  <table name="EntityType">
    <fields>
      <field name="Name" key="primary" type="string"/>
      <field name="ShowInTree" type="short"/>
    </fields>
  </table>

</layout_info>