﻿<?xml version="1.0" encoding="utf-8"?>
<model xmlns:xsd="http://www.w3.org/2001/XMLSchema" xmlns:xsi="http://www.w3.org/2001/XMLSchema-instance" name="Home" xsi:schemaLocation="NbOrmModelV1 C:\Repo\NbTools\NbTools\Orm\Xml\NbOrm.xsd">
  <types>
    <type_scalar name="int" Ctype="int"/>
    <type_scalar name="short" Ctype="short"/>
    <type_scalar name="string" Ctype="string"/>
    <type_scalar name="long" Ctype="long"/>
    <type_scalar name="DateTime" Ctype="DateTime"/>
  </types>
  <tables conn_name="LinkManager">
    <table name="Entity">
      <field name="Id" key="primary" type="string"/>
      <field name="Name" type="string"/>
      <field_ref ref_type="foreign" name="Type" ref_table="EntityType" ref_field="Name" null="true"/>
      <field_ref ref_type="foreign" name="Parents" ref_table="Entity" ref_field="Id" null="true"/>
      <field name="Icon" type="string" null="true"/>
      <field name="Launcher" type="string" null="true"/>
      <field name="CopyToClipboard" type="string" null="true"/>
      <field name="ShortCut" type="string" null="true"/>
      <field name="AccessTime" type="DateTime" null="true"/>
      <field name="Url" type="string" null="true"/>
      <field name="ArchivedDate" type="DateTime" null="true"/>
      <field name="QuickToolbarOrder" type="int" null="true"/>
      <field_ref ref_type="foreign" name="Path" ref_table="Entity" ref_field="Id" null="true"/>

      <field name="Size" type="long" null="true"/>
      <field name="FileCreatedTime" type="DateTime" null="true"/>
      <field name="Extension" type="string" null="true"/>
    </table>

    <table name="ColumnMap">
      <field name="LayoutName" type="string"/>
      <field name="ColumnName" type="string"/>
      <field name="ColumnLabel" type="string"/>
      <field name="Width" type="int"/>
    </table>

    <table name="EntityType">
      <field name="Name" key="primary" type="string"/>
      <field name="ShowInTree" type="short"/>
    </table>
  </tables>
</model>