<?xml version="1.0" encoding="utf-8"?>
<nbxsd xmlns:xsi="http://www.w3.org/2001/XMLSchema-instance" xmlns:xsd="http://www.w3.org/2001/XMLSchema" xsi:schemaLocation="NbXsdV1 C:\Repo\NbCore\cs2xsd\NbXsdV1.xsd">
	<type>
		<XTypeDerived name="Attr">
			<attr Name="type" type="xs:string" use="Required" />
			<attr Name="use" type="Uses" use="Required" />
			<attr Name="dflt" type="xs:string" use="Optional" />
			<BaseType xsi:type="TypeAttrOnly" name="BaseTag">
				<attr Name="Name" type="xs:string" use="None" />
				<attr Name="Doc" type="xs:string" use="None" />
			</BaseType>
		</XTypeDerived>
		<XTypeAttrOnly name="BaseTag">
			<attr Name="Name" type="xs:string" use="None" />
			<attr Name="Doc" type="xs:string" use="None" />
		</XTypeAttrOnly>
		<XTypeDerived name="Elem">
			<attr Name="type" type="xs:string" use="Required" />
			<attr Name="min" Doc="Unbounded=-1, None=-2" type="xs:int" use="Optional" dflt="-2" />
			<attr Name="max" Doc="Unbounded=-1, None=-2" type="xs:int" use="Optional" dflt="-2" />
			<list_single Name="keys" type="ListOfXKey" min="0" max="1" />
			<BaseType xsi:type="TypeAttrOnly" name="BaseTag">
				<attr Name="Name" type="xs:string" use="None" />
				<attr Name="Doc" type="xs:string" use="None" />
			</BaseType>
		</XTypeDerived>
		<XTypeAttrOnly name="EnumItem">
			<attr Name="key" type="xs:string" use="Required" />
			<attr Name="value" type="xs:string" use="Required" />
		</XTypeAttrOnly>
		<XTypeSequence name="ListOfXKey">
			<elem Name="key" type="XKey" min="0" max="-1" />
		</XTypeSequence>
		<XTypeDerived name="ListSingle">
			<BaseType xsi:type="TypeDerived" name="Elem">
				<attr Name="type" type="xs:string" use="Required" />
				<attr Name="min" Doc="Unbounded=-1, None=-2" type="xs:int" use="Optional" dflt="-2" />
				<attr Name="max" Doc="Unbounded=-1, None=-2" type="xs:int" use="Optional" dflt="-2" />
				<list_single Name="keys" type="ListOfXKey" min="0" max="1" />
				<BaseType xsi:type="TypeAttrOnly" name="BaseTag">
					<attr Name="Name" type="xs:string" use="None" />
					<attr Name="Doc" type="xs:string" use="None" />
				</BaseType>
			</BaseType>
		</XTypeDerived>
		<XTypeSequence name="NbXsd">
			<elem Name="type" type="types" min="1" />
			<elem Name="root" type="Elem" min="1" max="1" />
		</XTypeSequence>
		<XTypeDerived name="TypeAll">
			<BaseType xsi:type="TypeChoice" name="XsType">
				<attr Name="name" type="xs:string" use="None" />
				<elem Name="attr" type="Attr" min="0" max="1" />
				<elem Name="val" type="Val" min="0" max="1" />
				<elem Name="elem" type="Elem" min="0" max="1" />
				<elem Name="list_single" type="ListSingle" min="0" max="1" />
			</BaseType>
		</XTypeDerived>
		<XTypeDerived name="TypeAttrOnly">
			<BaseType xsi:type="TypeChoice" name="XsType">
				<attr Name="name" type="xs:string" use="None" />
				<elem Name="attr" type="Attr" min="0" max="1" />
				<elem Name="val" type="Val" min="0" max="1" />
				<elem Name="elem" type="Elem" min="0" max="1" />
				<elem Name="list_single" type="ListSingle" min="0" max="1" />
			</BaseType>
		</XTypeDerived>
		<XTypeDerived name="TypeBuiltIn">
			<BaseType xsi:type="TypeChoice" name="XsType">
				<attr Name="name" type="xs:string" use="None" />
				<elem Name="attr" type="Attr" min="0" max="1" />
				<elem Name="val" type="Val" min="0" max="1" />
				<elem Name="elem" type="Elem" min="0" max="1" />
				<elem Name="list_single" type="ListSingle" min="0" max="1" />
			</BaseType>
		</XTypeDerived>
		<XTypeDerived name="TypeChoice">
			<BaseType xsi:type="TypeChoice" name="XsType">
				<attr Name="name" type="xs:string" use="None" />
				<elem Name="attr" type="Attr" min="0" max="1" />
				<elem Name="val" type="Val" min="0" max="1" />
				<elem Name="elem" type="Elem" min="0" max="1" />
				<elem Name="list_single" type="ListSingle" min="0" max="1" />
			</BaseType>
		</XTypeDerived>
		<XTypeDerived name="TypeDerived">
			<elem Name="BaseType" type="XsType" min="1" max="1" />
			<BaseType xsi:type="TypeChoice" name="XsType">
				<attr Name="name" type="xs:string" use="None" />
				<elem Name="attr" type="Attr" min="0" max="1" />
				<elem Name="val" type="Val" min="0" max="1" />
				<elem Name="elem" type="Elem" min="0" max="1" />
				<elem Name="list_single" type="ListSingle" min="0" max="1" />
			</BaseType>
		</XTypeDerived>
		<XTypeDerived name="TypeEnum">
			<attr Name="type" type="xs:string" use="Required" />
			<elem Name="ListOfType" type="TypeBuiltIn" min="1" max="1" />
			<elem Name="items" type="EnumItem" min="1" max="-1" />
			<BaseType xsi:type="TypeChoice" name="XsType">
				<attr Name="name" type="xs:string" use="None" />
				<elem Name="attr" type="Attr" min="0" max="1" />
				<elem Name="val" type="Val" min="0" max="1" />
				<elem Name="elem" type="Elem" min="0" max="1" />
				<elem Name="list_single" type="ListSingle" min="0" max="1" />
			</BaseType>
		</XTypeDerived>
		<XTypeDerived name="TypeName">
			<BaseType xsi:type="TypeChoice" name="XsType">
				<attr Name="name" type="xs:string" use="None" />
				<elem Name="attr" type="Attr" min="0" max="1" />
				<elem Name="val" type="Val" min="0" max="1" />
				<elem Name="elem" type="Elem" min="0" max="1" />
				<elem Name="list_single" type="ListSingle" min="0" max="1" />
			</BaseType>
		</XTypeDerived>
		<XTypeChoice name="types">
			<elem Name="XTypeBuiltIn" type="TypeBuiltIn" min="0" max="1" />
			<elem Name="XTypeName" type="TypeName" min="0" max="1" />
			<elem Name="XTypeSequence" type="TypeSequence" min="0" max="1" />
			<elem Name="XTypeChoice" type="TypeChoice" min="0" max="1" />
			<elem Name="XTypeAll" type="TypeAll" min="0" max="1" />
			<elem Name="XTypeList" type="TypeValuesList" min="0" max="1" />
			<elem Name="XTypeEnum" type="TypeEnum" min="0" max="1" />
			<elem Name="XTypeAttrOnly" type="TypeAttrOnly" min="0" max="1" />
			<elem Name="XTypeDerived" type="TypeDerived" min="0" max="1" />
		</XTypeChoice>
		<XTypeDerived name="TypeSequence">
			<BaseType xsi:type="TypeChoice" name="XsType">
				<attr Name="name" type="xs:string" use="None" />
				<elem Name="attr" type="Attr" min="0" max="1" />
				<elem Name="val" type="Val" min="0" max="1" />
				<elem Name="elem" type="Elem" min="0" max="1" />
				<elem Name="list_single" type="ListSingle" min="0" max="1" />
			</BaseType>
		</XTypeDerived>
		<XTypeDerived name="TypeValuesList">
			<attr Name="MinLength" type="xs:int" use="Optional" dflt="-1" />
			<elem Name="ListOfType" type="TypeBuiltIn" min="1" max="1" />
			<BaseType xsi:type="TypeChoice" name="XsType">
				<attr Name="name" type="xs:string" use="None" />
				<elem Name="attr" type="Attr" min="0" max="1" />
				<elem Name="val" type="Val" min="0" max="1" />
				<elem Name="elem" type="Elem" min="0" max="1" />
				<elem Name="list_single" type="ListSingle" min="0" max="1" />
			</BaseType>
		</XTypeDerived>
		<XTypeEnum name="Uses">
			<ListOfType name="xs:string" />
			<items key="None" value="" />
			<items key="Optional" value="" />
			<items key="Required" value="" />
			<items key="Prohibited" value="" />
			<items key="Key" value="Generates &lt;xs:key&gt; tag" />
		</XTypeEnum>
		<XTypeDerived name="Val">
			<attr Name="type" type="xs:string" use="Required" />
			<attr Name="use" type="Uses" use="Required" />
			<attr Name="dflt" type="xs:string" use="Optional" />
			<BaseType xsi:type="TypeAttrOnly" name="BaseTag">
				<attr Name="Name" type="xs:string" use="None" />
				<attr Name="Doc" type="xs:string" use="None" />
			</BaseType>
		</XTypeDerived>
		<XTypeAttrOnly name="XKey">
			<attr Name="name" Doc="The name for unique key to be reffered by KeyRef" type="xs:NCName" use="Required" />
			<attr Name="selector" Doc="XPath from the rool element to the tag containing the key field, for instance:  icons/icon." type="xs:string" use="Required" />
			<attr Name="field" Doc="The name of the field containing unique key, for instance @name for name attribute." type="xs:string" use="Required" />
		</XTypeAttrOnly>
		<XTypeBuiltIn name="xs:int" />
		<XTypeBuiltIn name="xs:NCName" />
		<XTypeBuiltIn name="xs:string" />
		<XTypeChoice name="XsType">
			<attr Name="name" type="xs:string" use="None" />
			<elem Name="attr" type="Attr" min="0" max="1" />
			<elem Name="val" type="Val" min="0" max="1" />
			<elem Name="elem" type="Elem" min="0" max="1" />
			<elem Name="list_single" type="ListSingle" min="0" max="1" />
		</XTypeChoice>
	</type>
	<root Name="nbxsd" type="NbXsd" />
</nbxsd>