﻿<?xml version="1.0" encoding="utf-8"?>
<csv2xsd xmlns:xsd="http://www.w3.org/2001/XMLSchema" xmlns:xsi="http://www.w3.org/2001/XMLSchema-instance"
              xsi:schemaLocation="NbCollV1 C:\Repo\NbTools\Utils\csv2xsd\Config\Csv2Xsd.xsd">
  <name_space>Csv2Xsd</name_space>
  <version>1</version>
  <infile>Csv2Xsd.schema.csv</infile>
  <outfile>Csv2Xsd.xsd</outfile>
  <xsd_tool>%ProgramFiles(x86)%\Microsoft SDKs\Windows\v10.0A\bin\NETFX 4.8 Tools\xsd.exe</xsd_tool>
  <compare compare_util="C:\Program Files (x86)\Beyond Compare 3\BCompare.exe" baseline="Csv2Xsd.base.xsd"/>
</csv2xsd>
