TypeName,TypeType,Entry,EntryName,EntryType,Nullable,Default,Count,Comment
csv2xsd,sequence,Element,name_space,NCName,FALSE,,1,Namespace of the schema
csv2xsd,,Element,version,int,FALSE,,1,Version of the namespace
csv2xsd,,Element,infile,string,TRUE,,1,Source schema.csv files
csv2xsd,,Element,outfile,string,TRUE,,1,Destination xsd file
csv2xsd,,Element,xsd_tool,string,TRUE,,1,Full path to MS xsd.exe tool. Can contain %Macros%
csv2xsd,,Element,compare,Compare,TRUE,,1,Comparisson settings for testing
Compare,,Attribute,compare_util,string,FALSE,,1,Full path to the comparisson util
Compare,,Attribute,baseline,string,FALSE,,1,Path to the base line to compare to
