TypeName,TypeType,Entry,EntryName,EntryType,Nullable,Default,Count,Comment
all2all,sequence,Element,node_types,NodeTypes,FALSE,,1,Collection of node types
all2all,,Element,nodes,Nodes,FALSE,,1,Collection of universal nodes
all2all,,Element,ref_types,RefTypes,FALSE,,1,Collection of node reference types
all2all,,Element,refs,Refs,FALSE,,1,Collection of node references
NodeTypes,choice,Element,node_type,NodeType,FALSE,,Many,Types of nodes
Nodes,choice,Element,node,Node,FALSE,,Many,Universal nodes that can refer to each other
RefTypes,choice,Element,ref_type,RefType,FALSE,,Many,Types of relationships between nodes
Refs,choice,Element,ref,Ref,FALSE,,Many,Descriptor of references between nodes
NodeType,,Element,field_type,FieldType,FALSE,,Many,Field properties for a given node type
NodeType,,Attribute,id,NCName,FALSE,,,Node type id used for referencing
FieldType,,Attribute,field_name,NCName,FALSE,,,Field name
FieldType,,Attribute,display_style,DisplayStyleXml,FALSE,,,One of predefined field types
Node,,Attribute,id,NCName,FALSE,,,Node id used for referencing
Node,,Attribute,type,NCName,FALSE,,,Node type
Node,,Attribute,label,string,FALSE,,,Node label used to display it on the screen
Node,,Attribute,size,long,TRUE,,,Simulates the size of a file
Node,,Attribute,height,positiveInteger,TRUE,,,Simulates the height of a file
Node,,Attribute,width,positiveInteger,TRUE,,,Simulates the width of a file
Node,,Attribute,seconds,int,TRUE,,,The time in seconds
RefType,,Attribute,id,NCName,FALSE,,,Reference type id used for referencing
RefType,,Attribute,meaning,string,TRUE,,,"The meaning of direct reference, such as Contains"
RefType,,Attribute,meaning_reverse,string,TRUE,,,"The meaning of reverse reference, such as Belongs to"
Ref,,Attribute,from,NCName,FALSE,,,Source node in the referece
Ref,,Attribute,to,NCName,FALSE,,,Destination node in the reference
Ref,,Attribute,type,NCName,FALSE,,,Id of the reference type
