<?xml version="1.0" encoding="utf-8"?>
<config xmlns:xsd="http://www.w3.org/2001/XMLSchema" xmlns:xsi="http://www.w3.org/2001/XMLSchema-instance" xsi:schemaLocation="AtmwSettings C:\Repo\Cs\ATMW_Music\AtmwXml\AtmwSettings.xsd">
  <directories>
    <tracks>L:\UPnP\ENG</tracks>
    <album_art>L:\UPnP\Music Graphics</album_art>
    <lyrics>L:\UPnP\Lyrics.lrc</lyrics>
    <!--<player_cache>C:\Temp\2</player_cache>-->
  </directories>
  <checker>
    <album_art perform="true">
      <ex_art name="Jeff Lynne">
        <ex_alb name="A Message From The Country" />
        <ex_alb name="Singles And Rarities" />
      </ex_art>
    </album_art>
    <album_art_1000px perform="true">
      <ex_art name="Anathema">
        <ex_alb name="Everything" />
      </ex_art>
      <ex_art name="Madness">
        <ex_alb name="The Madness" />
      </ex_art>
      <ex_art name="Robert Wyatt">
        <ex_alb name="Rock Bottom" />
        <ex_alb name="The Animals Film Soundtrack" />
        <ex_alb name="Dondestan" />
      </ex_art>
      <ex_art name="Electric Light Orchestra">
        <ex_alb name="Xanadu" />
      </ex_art>
      <ex_art name="Dream Theatre">
        <ex_alb name="When Dream And Day Unite" />
      </ex_art>
      <ex_art name="Alan Parsons Project">
        <ex_alb name="The Time Machine" />
      </ex_art>
      <ex_art name="Paul McCartney">
        <ex_alb name="Wild Life"/>
      </ex_art>
      <ex_art name="Tiamat">
        <ex_alb name="This Dollar Saved My Life At Whitehorse"/>
      </ex_art>
    </album_art_1000px>
    
    <id3_tags perform="false" />
    <track_num perform="false" />
    <lyrics perform="true" />
  </checker>
</config>