﻿<?xml version="1.0" encoding="utf-8" ?>
<music xmlns:xsi="http://www.w3.org/2001/XMLSchema-instance" xmlns:xsd="http://www.w3.org/2001/XMLSchema" xsi:schemaLocation="MusicStruct MusicStruct.xsd" BeatsPerMinute="100">
  <measure chord="C" quarters="2">
    <common>G\| }C G\. A\\ B</common>
  </measure>
  <measure chord="Em" quarters="2">
    <common>A\\| B E\ E\</common>
  </measure>
  <measure chord="]F" quarters="2">
    <common>A  G\. F\\ G C</common>
  </measure>
  <measure chord="C" quarters="2">
    <common>F\\| G C\</common>
  </measure>

  <measure chord="Dm" quarters="4">
    <common>C\| D D\. E\\ F F\.</common>
  </measure>
  <measure chord="F" quarters="2">
    <common>G\\| A</common>  <!-- G\\| A B\ -->
  </measure>
  <measure chord="G" quarters="2">
    <common>B\ }C\| }D.</common>  <!-- C\| }D. -->
  </measure>

  <!--  C        Em     F       C   -->
  <!--  Dm            F         G-->
  <!--  C     G       Am        Em -->
  <!--  F      C         D      G   -->
  
</music>
