﻿<?xml version="1.0" encoding="utf-8"?>
<a2a_types xmlns:xsd="http://www.w3.org/2001/XMLSchema" xmlns:xsi="http://www.w3.org/2001/XMLSchema-instance" xsi:schemaLocation="A2aTypes C:\Repo\NbTools\NbTools\Filter\A2aTypes.xsd">
	<types>
		<type name="TagType"  hierarchy_table="Dirs">
			<column name="foocol" display_type="String"/>
		</type>
		<type name="Tag"  hierarchy_table="Dirs">
			<column name="foocol" display_type="String"/>
		</type>

		<type name="Vid">
			<!--Automatically added<column name="Id" display_type="String"/>
			<column name="Type" display_type="String"/>--> 
			<column name="Name" display_type="String"/>
		</type>

	</types>

	<tree_views>
		<tree_view name="Tags">
			<type>TagType</type>
			<type>Tag</type>
		</tree_view>
	</tree_views>

	<web_views>
		<web_view name="VideosWeb" type="Vid" request_name="VideoViewWeb"/>
	</web_views>
	
	<!--<list_views>
		<list_view name="Videos" type="Vid" request_name="VideoView"/>
	</list_views>-->
</a2a_types>
