﻿<?xml version="1.0" encoding="utf-8"?>
<a2a_types xmlns:xsd="http://www.w3.org/2001/XMLSchema" xmlns:xsi="http://www.w3.org/2001/XMLSchema-instance" xsi:schemaLocation="A2aTypes C:\Repo\NbTools\NbTools\Filter\A2aTypes.xsd">
	<types>
		<type name="folder" hierarchy_table="Dirs">
			<column name="name" display_type="String"/>
		</type>

		<type name="tag" hierarchy_table="Dirs">
			<column name="name" display_type="String"/>
		</type>

		<type name="lm_link" icon="folder">
			<column name="id" display_type="String"/>
			<column name="name" display_type="String"/>
			<column name="url" display_type="String"/>
		</type>
	</types>

	<tree_views>
		<tree_view name="Dirs">
			<type>folder</type>
		</tree_view>
	</tree_views>

	<list_views>
		<list_view name="Server Nodes" type="lm_link" request_name="lm_link"  />
	</list_views>
</a2a_types>
