﻿<?xml version="1.0" encoding="utf-8"?>
<a2a_types xmlns:xsd="http://www.w3.org/2001/XMLSchema" xmlns:xsi="http://www.w3.org/2001/XMLSchema-instance" xsi:schemaLocation="A2aTypes C:\Repo\NbTools\NbTools\Filter\A2aTypes.xsd">
	<types>
		<type name="folder" hierarchy_table="Dirs">
			<column name="name" display_type="String"/>
		</type>

		<type name="sync" hierarchy_table="Dirs">
			<column name="name" display_type="String"/>
		</type>

		<type name="file" icon="folder">
			<column name="file_name" display_type="String"/>
			<column name="extension" display_type="String"/>
			<column name="length" display_type="FileSize"/>
		</type>
	</types>

	<tree_views>
		<tree_view name="Folders" root_id="1001">
			<type>folder</type>
		</tree_view>
		<tree_view name="Sync" root_id="10">
			<type>sync</type>
			<type>folder</type>
		</tree_view>
	</tree_views>

	<list_views>
		<list_view name="Files" type="file" request_name="file"  />
	</list_views>
</a2a_types>
