TypeName,TypeType,Entry,EntryName,EntryType,Nullable,Default,Count,Comment
layout_info,sequence,Element,enum_file,EnumFile,TRUE,,Many,
layout_info,sequence,Element,table,DfTable,TRUE,,Many,
EnumFile,,Attribute,path,string,FALSE,,,
DfTable,sequence,Element,fields,DfFields,FALSE,,1,
DfTable,,Element,ignore,Ignores,TRUE,,1,
DfTable,,Attribute,name,NCName,FALSE,,,
DfTable,,Attribute,color,string,TRUE,,,
Ignores,choice,Element,field,string,FALSE,,Many,
DfFields,choice,Element,field,DfField,FALSE,,Many,
DfField,sequence,Element,link,DfLink,TRUE,,Many,
DfField,,Element,replace,DfReplace,TRUE,,Many,
DfField,,Attribute,name,NCName,FALSE,,,
DfField,,Attribute,disp_name,string,TRUE,,,
DfField,,Attribute,type,DfType,FALSE,,,
DfField,,Attribute,null,boolean,TRUE,FALSE,,
DfField,,Attribute,col_position,int,TRUE,-1,,
DfField,,Attribute,col_width,int,TRUE,-1,,
DfField,,Attribute,order_asc,int,TRUE,-1,,
DfField,,Attribute,order_desc,int,TRUE,-1,,
DfField,,Attribute,key,DfKey,TRUE,none,,
DfField,,Attribute,enum_name,NCName,TRUE,,,
DfField,,Attribute,color,string,TRUE,,,
DfField,,Attribute,comment,string,TRUE,,,
DfField,,Attribute,default_search,SearchTypes,TRUE,none,,
DfField,,Attribute,split_by,normalizedString,TRUE,,,The symbol used as a delimeter for many values within one fields. If this symbols is not specified it will be asssumed that the field has only a single reference
DfLink,,Attribute,ref_type,RefTypes,FALSE,,,
DfLink,,Attribute,ref_table,NCName,TRUE,,,
DfLink,,Attribute,ref_field,NCName,TRUE,,,
DfLink,,Attribute,ref_icon,string,TRUE,,,
DfLink,,Attribute,ref_comment,string,TRUE,,,
DfLink,,Attribute,uri_key_field,NCName,TRUE,,,Refers to the field in the current recordset whose value should be taken as a key when building a URI for the link on this field
DfLink,,Attribute,layout,LinkLayout,TRUE,TextOnly,,
DfReplace,,Attribute,from,string,TRUE,,,
DfReplace,,Attribute,from_regex,string,TRUE,,,
DfReplace,,Attribute,to,string,FALSE,,,
