EnumName,EnumType,Value,Comment
LinkLayout,NCName,TextOnly,
LinkLayout,NCName,IconOnly,
LinkLayout,NCName,TextAndIcon,
LinkLayout,NCName,IconAndText,
SearchTypes,NCName,none,
SearchTypes,NCName,int,
SearchTypes,NCName,string,
SearchTypes,NCName,date,
RefTypes,NCName,foreign,
RefTypes,NCName,blob,
DfType,NCName,bool,
DfType,,byte,
DfType,,sbyte,
DfType,,char,
DfType,,decimal,
DfType,,double,
DfType,,float,
DfType,,int,
DfType,,uint,
DfType,,long,
DfType,,ulong,
DfType,,short,
DfType,,ushort,
DfType,,string,
DfType,,DateTime,
DfType,,blob,
DfKey,NCName,none,
DfKey,NCName,primary,
DfKey,NCName,identity,
DfKey,NCName,parent_id,
