﻿<?xml version="1.0" encoding="utf-8"?>
<seq id="config">
  <list id="environments">

    <list id="environment" named="true" at_least="1">
      <prop id="id" type="string" comment="The id of the environment"/>
      <prop id="icon_file" type="string" comment="Icon file associated with the environment"/>
      <prop id="selected" type="boolean"/>
      <prop id="max_row_count" type="int"/>
      <elem id="connection">
        <prop id="name" type=""/>
        <prop id="max_row_count" type="int"/>
      </elem>
      
    </list>
  </list>
</seq>