﻿<?xml version="1.0" encoding="utf-8"?>
<content xml:space="preserve">

	<!-- This is not used by the presentation style but some build components may expect it to exist -->
	<item id="iconPath">../media/{0}</item>

	<!-- Topic title -->
	<item id="boilerplate_pageTitle">{0}</item>

	<!-- Alert titles -->
	<item id="alert_title_tip">Tip</item>
	<item id="alert_title_caution">Caution</item>
	<item id="alert_title_security">Security Note</item>
	<item id="alert_title_note">Note</item>
	<item id="alert_title_important">Important</item>
	<item id="alert_title_visualBasic">Visual Basic Note</item>
	<item id="alert_title_visualC#">C# Note</item>
	<item id="alert_title_visualC++">C++ Note</item>
	<item id="alert_title_visualJ#">J# Note</item>
	<item id="text_NotesForImplementers">Notes to Implementers</item>
	<item id="text_NotesForCallers">Notes to Callers</item>
	<item id="text_NotesForInheritors">Notes to Inheritors</item>

	<!-- Alert alt text -->
	<item id="alert_altText_tip">Tip</item>
	<item id="alert_altText_caution">Caution note</item>
	<item id="alert_altText_security">Security note</item>
	<item id="alert_altText_note">Note</item>
	<item id="alert_altText_important">Important note</item>
	<item id="alert_altText_visualBasic">Visual Basic note</item>
	<item id="alert_altText_visualC#">C# note</item>
	<item id="alert_altText_visualC++">C++ note</item>
	<item id="alert_altText_visualJ#">J# note</item>

	<!-- Section titles -->
	<item id="title_remarks">Remarks</item>
	<item id="title_changeHistory">Change History</item>
	<item id="title_events">Events</item>
	<item id="title_exceptions">Exceptions</item>
	<item id="title_contracts">Contracts</item>
	<item id="title_setter">Set</item>
	<item id="title_getter">Get</item>
	<item id="title_seeAlso_tasks">Tasks</item>
	<item id="title_seeAlso_reference">Reference</item>
	<item id="title_seeAlso_concepts">Concepts</item>
	<item id="title_seeAlso_otherResources">Other Resources</item>

	<item id="inline_dynamicLink_prefixText">For more information, see </item>
	<item id="inline_dynamicLink_postfixText">.</item>
	<item id="inline_dynamicLink_separatorText"> and </item>

	<!-- Development language and code snippet titles for languages without a syntax generator -->
	<item id="devlang_batch">Batch Script</item>
	<item id="devlang_HTML">HTML</item>
	<item id="devlang_PShell">PowerShell</item>
	<item id="devlang_Python">Python</item>
	<item id="devlang_SQL">SQL</item>
	<item id="devlang_VBScript">Visual Basic Script</item>
	<item id="devlang_VisualBasicAndCSharp">Visual Basic and C#</item>
	<item id="devlang_XML">XML</item>

	<!-- Language keywords -->
	<item id="devlang_nullKeyword">a null reference (<span class="CodeInline">Nothing</span> in Visual Basic)</item>
	<item id="devlang_staticKeyword"><span class="CodeInline">static</span> (<span class="CodeInline">Shared</span> in Visual Basic)</item>
	<item id="devlang_virtualKeyword"><span class="CodeInline">virtual</span> (<span class="CodeInline">Overridable</span> in Visual Basic)</item>
	<item id="devlang_trueKeyword"><span class="CodeInline">true</span> (<span class="CodeInline">True</span> in Visual Basic)</item>
	<item id="devlang_falseKeyword"><span class="CodeInline">false</span> (<span class="CodeInline">False</span> in Visual Basic)</item>
	<item id="devlang_abstractKeyword"><span class="CodeInline">abstract</span> (<span class="CodeInline">MustInherit</span> in Visual Basic)</item>
	<item id="devlang_sealedKeyword"><span class="CodeInline">sealed</span> (<span class="CodeInline">NotInheritable</span> in Visual Basic)</item>
	<item id="devlang_asyncKeyword"><span class="CodeInline">async</span> (<span class="CodeInline">Async</span> in Visual Basic)</item>
	<item id="devlang_awaitKeyword"><span class="CodeInline">await</span> (<span class="CodeInline">Await</span> in Visual Basic)</item>
	<item id="devlang_asyncAwaitKeyword"><span class="CodeInline">async</span>/<span class="CodeInline">await</span> (<span class="CodeInline">Async</span>/<span class="CodeInline">Await</span> in Visual Basic)</item>

	<!-- Back to Top link text -->
	<item id="top">Back to Top</item>

</content>
