﻿<?xml version="1.0" encoding="utf-8"?>
<link_man_sett xmlns:xsd="http://www.w3.org/2001/XMLSchema" xmlns:xsi="http://www.w3.org/2001/XMLSchema-instance" title="Link Manager Home" xsi:schemaLocation="LinkManSettV1 C:\Repo\NbTools\LinkManager\Data\LinkManSettV1.xsd">
  <proxy url="http://my.proxy.com" pass_variable="%NetflixEnc%" />
  <paths>
    <icons>%USERPROFILE%\.freemind\icons</icons>
  </paths>
  <variables>
    <variable name="Netflix" value="https://www.netflix.com/watch/81304927" />
    <variable name="NetflixEnc" encoded_val="1Eg3j5XTYyAZu5Tznvyh3IFW8pbdDdARthBITrCC2af6ggDAM3qX/A==" />
  </variables>
  <quick_links>
    <quick_link>474</quick_link>
    <quick_link>22</quick_link>
    <quick_link>330</quick_link>
    <quick_link>57</quick_link>
    <quick_link>71</quick_link>
    <quick_link>456</quick_link>
  </quick_links>
  <list_columns>
    <list_column name="Parents" label="Parents" />
    <list_column name="ArchivedDate" label="Archived" />
  </list_columns>
  <entitys>
    <entity name="Entity" show_in_tree="false" />
    <entity name="Folder" show_in_tree="true" />
    <entity name="Dir" show_in_tree="true" />
  </entitys>
  <launchers>
    <launcher id="1" path="C:\Program Files\Internet Explorer\iexplore.exe" />
    <launcher id="2" path="C:\Program Files (x86)\FreeMind\FreeMind.exe" extension="mm" />
    <launcher id="Browser" path="C:\Program Files\Internet Explorer\iexplore.exe" extension="html" />
    <launcher id="Function" path="LocalFunction" />
    <launcher id="Mozilla" path="C:\Program Files\Mozilla Firefox\firefox.exe" />
    <launcher id="Bisc" path="C:\Program Files\Mozilla Firefox\firefox.exe" cl_params="-P Bisc" />
    <launcher id="MozGoogle" path="C:\Program Files\Mozilla Firefox\firefox.exe" cl_params="-P MozGoogle" />
    <launcher id="MozFin" path="C:\Program Files\Mozilla Firefox\firefox.exe" cl_params="-P Fin" />
  </launchers>
</link_man_sett>