﻿<?xml version="1.0" encoding="utf-8"?>
<content xml:space="preserve">
<!-- Translations provided by Sergey Zhurikhin -->

	<!-- This is not used by the presentation style but some build components may expect it to exist -->
	<item id="iconPath">../media/{0}</item>

  <!-- Topic title -->
  <item id="boilerplate_pageTitle">{0}</item>

	<!-- Alert titles -->
	<item id="alert_title_tip">Подсказка</item>
	<item id="alert_title_caution">Внимание</item>
	<item id="alert_title_security">Примечание по безопасности</item>
	<item id="alert_title_note">Примечание</item>
	<item id="alert_title_important">Важно</item>
	<item id="alert_title_visualBasic">Примечание для Visual Basic</item>
	<item id="alert_title_visualC#">Примечание для C#</item>
	<item id="alert_title_visualC++">Примечание для C++</item>
	<item id="alert_title_visualJ#">Примечание для J#</item>
	<item id="text_NotesForImplementers">Примечания для реализующих объектов</item>
	<item id="text_NotesForCallers">Примечания для вызывающих объектов</item>
	<item id="text_NotesForInheritors">Примечания для наследников</item>

	<!-- Alert alt text -->
	<item id="alert_altText_tip">Подсказка</item>
	<item id="alert_altText_caution">Внимание</item>
	<item id="alert_altText_security">Примечание по безопасности</item>
	<item id="alert_altText_note">Примечание</item>
	<item id="alert_altText_important">Важно</item>
	<item id="alert_altText_visualBasic">Примечание для Visual Basic</item>
	<item id="alert_altText_visualC#">Примечание для C#</item>
	<item id="alert_altText_visualC++">Примечание для C++</item>
	<item id="alert_altText_visualJ#">Примечание для J#</item>

  <!-- Section titles -->
  <item id="title_remarks">Заметки</item>
  <item id="title_changeHistory">История изменений</item>
  <item id="title_events">События</item>
  <item id="title_exceptions">Исключения</item>
  <item id="title_contracts">Контракты</item>
  <item id="title_setter">Set</item>
  <item id="title_getter">Get</item>
  <item id="title_seeAlso_tasks">Задачи</item>
  <item id="title_seeAlso_reference">Ссылки</item>
  <item id="title_seeAlso_concepts">Основные понятия</item>
  <item id="title_seeAlso_otherResources">Другие ресурсы</item>

	<item id="inline_dynamicLink_prefixText">Для получения дополнительной информации см. </item>
	<item id="inline_dynamicLink_postfixText">.</item>
	<item id="inline_dynamicLink_separatorText"> и </item>
  
	<!-- Development language and code snippet titles for languages without a syntax generator -->
	<item id="devlang_batch">Batch Script</item>
	<item id="devlang_HTML">HTML</item>
	<item id="devlang_PShell">PowerShell</item>
	<item id="devlang_Python">Python</item>
	<item id="devlang_SQL">SQL</item>
	<item id="devlang_VBScript">Visual Basic Script</item>
	<item id="devlang_VisualBasicAndCSharp">VB и C#</item>
	<item id="devlang_XML">XML</item>

  <!-- language keywords -->
  <item id="devlang_nullKeyword"><span class="CodeInline">null</span> (<span class="CodeInline">Nothing</span> в Visual Basic)</item>
  <item id="devlang_staticKeyword"><span class="CodeInline">static</span> (<span class="CodeInline">Shared</span> в Visual Basic)</item>
  <item id="devlang_virtualKeyword"><span class="CodeInline">virtual</span> (<span class="CodeInline">Overridable</span> в Visual Basic)</item>
  <item id="devlang_trueKeyword"><span class="CodeInline">true</span> (<span class="CodeInline">True</span> в Visual Basic)</item>
  <item id="devlang_falseKeyword"><span class="CodeInline">false</span> (<span class="CodeInline">False</span> в Visual Basic)</item>
  <item id="devlang_abstractKeyword"><span class="CodeInline">abstract</span> (<span class="CodeInline">MustInherit</span> в Visual Basic)</item>
  <item id="devlang_sealedKeyword"><span class="CodeInline">sealed</span> (<span class="CodeInline">NotInheritable</span> в Visual Basic)</item>
	<item id="devlang_asyncKeyword"><span class="CodeInline">async</span> (<span class="CodeInline">Async</span> в Visual Basic)</item>
	<item id="devlang_awaitKeyword"><span class="CodeInline">await</span> (<span class="CodeInline">Await</span> в Visual Basic)</item>
	<item id="devlang_asyncAwaitKeyword"><span class="CodeInline">async</span>/<span class="CodeInline">await</span> (<span class="CodeInline">Async</span>/<span class="CodeInline">Await</span> в Visual Basic)</item>

  <!-- Back to Top link text -->
  <item id="top">В начало страницы</item>

</content>
