﻿<?xml version="1.0" encoding="utf-8"?>
<nbxsd xmlns:xsi="http://www.w3.org/2001/XMLSchema-instance" xmlns:xsd="http://www.w3.org/2001/XMLSchema" xsi:schemaLocation="NbXsdV1 C:\Repo\NbCore\cs2xsd\NbXsdV1.xsd">
  <root name="acute_content_builder" type="AcuteContentBuilderConfig" />
  <types>
    <sequence name="AcuteContentBuilderConfig">
      <elem name="source_dir" type="xs:string" min="1" max="1" />
      <elem name="tags_dir" type="xs:string" min="1" max="1" />
      <elem name="music_mixin_dir" type="xs:string" min="0" max="1" />
      <elem name="destination_dir" type="xs:string" min="1" max="1" />
      <elem name="tag_helper_dir" type="xs:string" min="0" max="1" />
      <elem name="ensure_thumbs" Doc="If true the builder will execute MediaPlayer for all files withouth corresponing screenshots" type="xs:boolean" min="1" max="1" />
      <elem name="media_player" type="xs:string" min="1" max="1" />
      <elem name="browser_url" type="xs:string" min="1" max="1" />
    </sequence>
    <XTypeBuiltIn name="xs:boolean" />
    <XTypeBuiltIn name="xs:string" />
  </types>
</nbxsd>