﻿<?xml version="1.0" encoding="utf-8"?>
<nbxsd xmlns:xsi="http://www.w3.org/2001/XMLSchema-instance" xmlns:xsd="http://www.w3.org/2001/XMLSchema" xsi:schemaLocation="NbXsdV1 C:\Repo\NbCore\cs2xsd\NbXsdV1.xsd">
  <root name="acute_content" type="AcuteContentXml" />
  <types>
    <sequence name="AcuteContentXml">
      <attr name="title" type="xs:string" use="Optional" />
      <elem name="tags" Doc="Media Tags are represented like a directory structure for now. Might use special dedicated XML for them later" type="NDir" min="0" />
      <elem name="boxes" type="NDir" min="0" />
    </sequence>
    <attr_only name="NBox">
      <attr name="tags" type="StringList" use="Optional" />
    </attr_only>
    <choice name="NDir" basetype="NBox">
      <attr name="url" type="xs:string" use="Required" />
      <elem name="thumb" type="NThumb" min="1" max="1" />
      <elem name="text" type="NText" max="-1" />
      <elem name="pic" type="NPic" max="-1" />
      <elem name="pics" type="NPics" max="-1" />
      <elem name="vid" type="NVid" max="-1" />
      <elem name="dir" type="NDir" max="-1" />
    </choice>
    <derived name="NPic" basetype="NBox">
      <attr name="src" type="xs:string" use="Required" />
      <attr name="title" type="xs:string" use="Required" />
    </derived>
    <derived name="NPics" basetype="NBox">
      <elem name="pic" type="NPic" min="1" max="100" />
    </derived>
    <derived name="NText" basetype="NBox">
      <attr name="text" type="xs:string" use="Required" />
    </derived>
    <derived name="NThumb" basetype="NBox">
      <attr name="src" type="xs:string" use="Required" />
      <attr name="title" type="xs:string" use="Required" />
    </derived>
    <derived name="NVid" basetype="NBox">
      <attr name="src" type="xs:string" use="Required" />
      <attr name="src_small" type="xs:string" use="Optional" />
      <elem name="thumb" type="NThumb" min="1" max="1" />
    </derived>
    <list name="StringList">
      <ListOfType name="xs:NCName" />
    </list>
    <XTypeBuiltIn name="xs:string" />
  </types>
</nbxsd>