﻿<?xml version="1.0" encoding="utf-8"?>
<acute_content_builder xmlns:xsi="http://www.w3.org/2001/XMLSchema-instance" xmlns:xsd="http://www.w3.org/2001/XMLSchema" xsi:schemaLocation="AcuteContentBuilder AcuteContentBuilder.xsd">
	<source_dir>C:\Users\budan\Videos\Egypt 23\DCIM\101NIKON</source_dir>
	<tags_dir>C:\Sync\AcuteContent\Tags</tags_dir>
	<music_mixin_dir>C:\Users\budan\Music\AcuteContentMixin</music_mixin_dir>
	<destination_dir>M:\AcuteContent</destination_dir>
	<tag_helper_dir>C:\AutoDelete\LocalTags</tag_helper_dir>
	<ensure_thumbs>true</ensure_thumbs>
	<media_player>C:\Program Files (x86)\K-Lite Codec Pack\MPC-HC64\mpc-hc64.exe</media_player>
	<browser_url>http://aws.myftp.org:8800/acct/</browser_url>
</acute_content_builder>