﻿<?xml version="1.0" encoding="utf-8" ?>
<example xmlns:xsd="http://www.w3.org/2001/XMLSchema" xmlns:xsi="http://www.w3.org/2001/XMLSchema-instance" xsi:schemaLocation="Example Example.xsd"
			   title="Attribute within the root node">
	<icons>
		<icon name="icon1" data="icondata1"/>
		<icon name="icon2" data="icondata1"/>
		<icon name="icon3" data="icondata1"/>
	</icons>
	
	<buttons>
		<button text="Btn1" icon="icon2"/>
		<button text="Btn1" icon="icon53"/>
	</buttons>
	
	<mixed_list>
		<el1 name1="List"/>
		<el2 name2="Blue"/>
		<el1 name1="Bla"/>
		<el2 name2="Blue"/>
	</mixed_list>
	<animal_list>
		<bird wings="2"/>
		<cat paws="present"/>
		<bird wings="3"/>
		<cat paws="small"/>
	</animal_list>
	<animal_list_comment comment ="Attribute for the list (Choice). Additional class AnimalListWithComment with Items array will be created">
		<bird wings="2"/>
		<cat paws="present"/>
		<bird wings="3"/>
		<cat paws="small"/>
	</animal_list_comment>
</example>
