<?xml version="1.0" encoding="utf-8"?><nbxsd xmlns:xsi="http://www.w3.org/2001/XMLSchema-instance" xmlns:xsd="http://www.w3.org/2001/XMLSchema" xsi:schemaLocation="NbXsdV1 C:\Repo\NbCore\cs2xsd\NbXsdV1.xsd"><type><XTypeAttrOnly name="Animal"><attr Name="Name" type="xs:string" use="None" /></XTypeAttrOnly><XTypeChoice name="AnimalList"><elem Name="cat" type="Cat" max="-1" /><elem Name="bird" type="Bird" max="-1" /></XTypeChoice><XTypeChoice name="AnimalListWithComment"><attr Name="comment" type="xs:string" use="Required" /><elem Name="cat" type="Cat" max="-1" /><elem Name="bird" type="Bird" max="-1" /></XTypeChoice><XTypeAttrOnly name="AttrOnlyTag"><attr Name="name" type="xs:NCName" use="Required" /><attr Name="value" type="xs:string" use="Optional" dflt="" /></XTypeAttrOnly><XTypeDerived name="Bird"><attr Name="wings" type="xs:int" use="Required" /><BaseType xsi:type="TypeAttrOnly" name="Animal"><attr Name="Name" type="xs:string" use="None" /></BaseType></XTypeDerived><XTypeAttrOnly name="Button"><attr Name="text" type="xs:string" use="None" /><attr Name="icon" type="xs:NCName" use="None" /></XTypeAttrOnly><XTypeDerived name="Cat"><attr Name="paws" type="xs:string" use="Required" /><BaseType xsi:type="TypeAttrOnly" name="Animal"><attr Name="Name" type="xs:string" use="None" /></BaseType></XTypeDerived><XTypeSequence name="Example"><attr Name="title" type="xs:string" use="Optional" dflt="Example" /><elem Name="seq_tag" type="SequenceTag" min="0" max="1" /><list_single Name="icons" type="ListOfIcon" min="0" max="1" /><list_single Name="buttons" type="ListOfButton" min="0" max="1" /><elem Name="mixed_list" Doc="List of elements of two types with no common base class. This will generate object[] property." type="MixedButtonsList" /><elem Name="animal_list" Doc="List of elements with common base class. The generated property should be the array of the base class" type="AnimalList" /><elem Name="animal_list_comment" Doc="List of elements with common base class. The generated property should be the array of the base class" type="AnimalListWithComment" /><list_single Name="attronly_tag_list" type="ListOfAttrOnlyTag" min="0" max="1" /><list_single Name="string_list" type="ListOfxsstring" min="0" max="1" /></XTypeSequence><XTypeAttrOnly name="Icon"><attr Name="name" type="xs:NCName" use="Key" /><attr Name="data" type="xs:string" use="None" /></XTypeAttrOnly><XTypeSequence name="ListOfAttrOnlyTag"><elem Name="attronly_tag" type="AttrOnlyTag" min="1" max="-1" /></XTypeSequence><XTypeSequence name="ListOfButton"><elem Name="button" type="Button" min="1" max="-1" /></XTypeSequence><XTypeSequence name="ListOfIcon"><elem Name="icon" type="Icon" min="1" max="-1" /></XTypeSequence><XTypeSequence name="ListOfxsstring"><elem Name="list_item" type="xs:string" min="1" max="-1" /></XTypeSequence><XTypeChoice name="MixedButtonsList"><elem Name="el1" type="UnrelatedType1" max="-1" /><elem Name="el2" type="UnrelatedType2" max="-1" /></XTypeChoice><XTypeSequence name="SequenceTag"><elem Name="string_elem1" type="xs:string" min="1" max="1" /><elem Name="string_elem2" type="xs:string" min="0" max="1" /></XTypeSequence><XTypeAttrOnly name="UnrelatedType1"><attr Name="name1" type="xs:NCName" use="Required" /></XTypeAttrOnly><XTypeAttrOnly name="UnrelatedType2"><attr Name="name2" type="xs:NCName" use="Required" /></XTypeAttrOnly><XTypeBuiltIn name="xs:int" /><XTypeBuiltIn name="xs:NCName" /><XTypeBuiltIn name="xs:string" /></type><root Name="example" type="Example"><keys><key name="IconNames" selector="icons/icon" field="@name" /></keys></root></nbxsd>