﻿<?xml version="1.0" encoding="utf-8" ?>
<model name="NbOrmTest" xmlns:xsi="http://www.w3.org/2001/XMLSchema-instance" xmlns:xsd="http://www.w3.org/2001/XMLSchema" xsi:schemaLocation="NbOrmModelV1 ..\NbTools\Orm\Xml\NbOrm.xsd">
  <types>
    <type_scalar name="int" Ctype="int"/>
    <type_scalar name="decimal" Ctype="decimal"/>
    <type_scalar name="string" Ctype="string"/>
    <type_scalar name="string1000" Ctype="string" length="1000"/>
    <type_scalar name="string10" Ctype="string" length="10"/>
    <type_scalar name="string25" Ctype="string" length="25"/>

    <type_scalar name="DateTime" Ctype="DateTime"/>
    <type_scalar name="bool" Ctype="bool"/>
  </types>
  <tables conn_name="NbOrmTest">
    <table name="Parent" table_name="PARENTS" owner="xml">
      <field name="Id" type="int" key="identity" />
      <field name="StringMax" type="string1000" />
      <field name="String10" type="string10"  />
      <field name="StringNull" type="string25" null="true" />
      <field name="IntNull" type="int" null="true" />
      <field name="DecimalVar" type="decimal" />
      <field name="DecimalNull" type="decimal" null="true" />
    </table>

    <table name="Child" table_name="CHILDREN" owner="xml">
      <field name="Id" type="int" key="identity" />
      <field_ref name="ParentId" ref_type="foreign" ref_table="Parent" />
      <field name="DateVar" type="DateTime" />
      <field name="DateNull" type="DateTime" null="true"/>
      <field name="Bool" type="bool" />
      <field name="BoolNull" type="bool" null="true" />
    </table>

    <groupby_query name="GrpAverage" ref_table="Parent">
      <field_groupby name="Str" ref_field="String10"/>
      <field_aggregate name="Num" ref_field="DecimalNull" func="avg"/>
    </groupby_query>

    <groupby_query name="GrpCountStar" ref_table="Parent">
      <field_groupby name="Str" ref_field="String10"/>
      <field_aggregate name="Count" func="count"/>
    </groupby_query>

    <groupby_query name="GrpCountField" ref_table="Parent">
      <field_groupby name="Str" ref_field="String10"/>
      <field_aggregate name="Count" ref_field="DecimalNull" func="count"/>
    </groupby_query>

    <join_query name="ParentAndChild" ref_table_left="Parent" ref_table_right="Child">
      <field_left name="ParentId" ref_field="Id"/>
      <field_right name="ChildId" ref_field="Id"/>
      <field_left name="ParentString" ref_field="String10"/>
      <field_right name="ChildDate" ref_field="DateVar"/>
    </join_query>

    <!-- <groupby_query name="GrpOnJoin" ref_table="ParentAndChild">
      <field_groupby name="Str" ref_field="ParentString"/>
      <field_aggregate name="Count" func="count"/>
    </groupby_query> -->
  </tables>
</model>
