<?xml version="1.0" encoding="utf-8"?>
<model xmlns:xsi="http://www.w3.org/2001/XMLSchema-instance" xmlns:xsd="http://www.w3.org/2001/XMLSchema" 
       xsi:schemaLocation="NbOrmModelV1 C:\Repo\NbTools\NbTools\Orm\Xml\NbOrm.xsd"
       name="Northwind">
  <config table_prefix="TBL_" field_prefix="FLD_"/>
  <types>
    <type_scalar name="bit_1_1" Ctype="bool" ora_type="bit" />
    <type_scalar name="datetime_8_23_3" Ctype="DateTime" ora_type="datetime" />
    <type_scalar name="image_16" Ctype="blob" ora_type="image" />
    <type_scalar name="int_4_10" Ctype="int" ora_type="int" length="10" />
    <type_scalar name="money_8_19_4" Ctype="decimal" ora_type="money" length="19" precision="4" />
    <type_scalar name="nchar_10" Ctype="string" ora_type="nchar" length="10" />
    <type_scalar name="nchar_100" Ctype="string" ora_type="nchar" length="100" />
    <type_scalar name="nchar_20" Ctype="string" ora_type="nchar" length="20" />
    <type_scalar name="ntext_16" Ctype="blob" ora_type="ntext" />
    <type_scalar name="nvarchar_120" Ctype="string" ora_type="nvarchar" length="120" />
    <type_scalar name="nvarchar_20" Ctype="string" ora_type="nvarchar" length="20" />
    <type_scalar name="nvarchar_30" Ctype="string" ora_type="nvarchar" length="30" />
    <type_scalar name="nvarchar_40" Ctype="string" ora_type="nvarchar" length="40" />
    <type_scalar name="nvarchar_48" Ctype="string" ora_type="nvarchar" length="48" />
    <type_scalar name="nvarchar_50" Ctype="string" ora_type="nvarchar" length="50" />
    <type_scalar name="nvarchar_510" Ctype="string" ora_type="nvarchar" length="510" />
    <type_scalar name="nvarchar_60" Ctype="string" ora_type="nvarchar" length="60" />
    <type_scalar name="nvarchar_8" Ctype="string" ora_type="nvarchar" length="8" />
    <type_scalar name="nvarchar_80" Ctype="string" ora_type="nvarchar" length="80" />
    <type_scalar name="real_4_24" Ctype="double" ora_type="real" />
    <type_scalar name="smallint_2_5" Ctype="char" ora_type="smallint" length="5" />
  </types>
  <tables conn_name="Northwind">
    <table name="dbo.Categories">
      <field name="CategoryID" key="primary" type="int_4_10" />
      <field name="CategoryName" type="nvarchar_30" />
      <field name="Description" null="true" type="ntext_16" />
      <field name="Picture" null="true" type="image_16" />
    </table>
    <table name="dbo.CustomerCustomerDemo">
      <field_ref name="CustomerID" key="primary" ref_type="foreign" ref_table="dbo.Customers" ref_field="CustomerID" />
      <field_ref name="CustomerTypeID" key="primary" ref_type="foreign" ref_table="dbo.CustomerDemographics" ref_field="CustomerTypeID" />
    </table>
    <table name="dbo.CustomerDemographics">
      <field name="CustomerTypeID" key="primary" type="nchar_20" />
      <field name="CustomerDesc" null="true" type="ntext_16" />
    </table>
    <table name="dbo.Customers">
      <field name="CustomerID" key="primary" type="nchar_10" />
      <field name="CompanyName" type="nvarchar_80" />
      <field name="ContactName" null="true" type="nvarchar_60" />
      <field name="ContactTitle" null="true" type="nvarchar_60" />
      <field name="Address" null="true" type="nvarchar_120" />
      <field name="City" null="true" type="nvarchar_30" />
      <field name="Region" null="true" type="nvarchar_30" />
      <field name="PostalCode" null="true" type="nvarchar_20" />
      <field name="Country" null="true" type="nvarchar_30" />
      <field name="Phone" null="true" type="nvarchar_48" />
      <field name="Fax" null="true" type="nvarchar_48" />
    </table>
    <table name="dbo.Employees">
      <field name="EmployeeID" key="primary" type="int_4_10" />
      <field name="LastName" type="nvarchar_40" />
      <field name="FirstName" type="nvarchar_20" />
      <field name="Title" null="true" type="nvarchar_60" />
      <field name="TitleOfCourtesy" null="true" type="nvarchar_50" />
      <field name="BirthDate" null="true" type="datetime_8_23_3" />
      <field name="HireDate" null="true" type="datetime_8_23_3" />
      <field name="Address" null="true" type="nvarchar_120" />
      <field name="City" null="true" type="nvarchar_30" />
      <field name="Region" null="true" type="nvarchar_30" />
      <field name="PostalCode" null="true" type="nvarchar_20" />
      <field name="Country" null="true" type="nvarchar_30" />
      <field name="HomePhone" null="true" type="nvarchar_48" />
      <field name="Extension" null="true" type="nvarchar_8" />
      <field name="Photo" null="true" type="image_16" />
      <field name="Notes" null="true" type="ntext_16" />
      <field_ref name="ReportsTo" null="true" ref_type="foreign" ref_table="dbo.Employees" ref_field="EmployeeID" />
      <field name="PhotoPath" null="true" type="nvarchar_510" />
    </table>
    <table name="dbo.EmployeeTerritories">
      <field_ref name="EmployeeID" key="primary" ref_type="foreign" ref_table="dbo.Employees" ref_field="EmployeeID" />
      <field_ref name="TerritoryID" key="primary" ref_type="foreign" ref_table="dbo.Territories" ref_field="TerritoryID" />
    </table>
    <table name="dbo.Order_x0020_Details">
      <field_ref name="OrderID" key="primary" ref_type="foreign" ref_table="dbo.Orders" ref_field="OrderID" />
      <field_ref name="ProductID" key="primary" ref_type="foreign" ref_table="dbo.Products" ref_field="ProductID" />
      <field name="UnitPrice" type="money_8_19_4" />
      <field name="Quantity" type="smallint_2_5" />
      <field name="Discount" type="real_4_24" />
    </table>
    <table name="dbo.Orders">
      <field name="OrderID" key="primary" type="int_4_10" />
      <field_ref name="CustomerID" null="true" ref_type="foreign" ref_table="dbo.Customers" ref_field="CustomerID" />
      <field_ref name="EmployeeID" null="true" ref_type="foreign" ref_table="dbo.Employees" ref_field="EmployeeID" />
      <field name="OrderDate" null="true" type="datetime_8_23_3" />
      <field name="RequiredDate" null="true" type="datetime_8_23_3" />
      <field name="ShippedDate" null="true" type="datetime_8_23_3" />
      <field_ref name="ShipVia" null="true" ref_type="foreign" ref_table="dbo.Shippers" ref_field="ShipperID" />
      <field name="Freight" null="true" type="money_8_19_4" />
      <field name="ShipName" null="true" type="nvarchar_80" />
      <field name="ShipAddress" null="true" type="nvarchar_120" />
      <field name="ShipCity" null="true" type="nvarchar_30" />
      <field name="ShipRegion" null="true" type="nvarchar_30" />
      <field name="ShipPostalCode" null="true" type="nvarchar_20" />
      <field name="ShipCountry" null="true" type="nvarchar_30" />
    </table>
    <table name="dbo.Products">
      <field name="ProductID" key="primary" type="int_4_10" />
      <field name="ProductName" type="nvarchar_80" />
      <field_ref name="SupplierID" null="true" ref_type="foreign" ref_table="dbo.Suppliers" ref_field="SupplierID" />
      <field_ref name="CategoryID" null="true" ref_type="foreign" ref_table="dbo.Categories" ref_field="CategoryID" />
      <field name="QuantityPerUnit" null="true" type="nvarchar_40" />
      <field name="UnitPrice" null="true" type="money_8_19_4" />
      <field name="UnitsInStock" null="true" type="smallint_2_5" />
      <field name="UnitsOnOrder" null="true" type="smallint_2_5" />
      <field name="ReorderLevel" null="true" type="smallint_2_5" />
      <field name="Discontinued" type="bit_1_1" />
    </table>
    <table name="dbo.Region">
      <field name="RegionID" key="primary" type="int_4_10" />
      <field name="RegionDescription" type="nchar_100" />
    </table>
    <table name="dbo.Shippers">
      <field name="ShipperID" key="primary" type="int_4_10" />
      <field name="CompanyName" type="nvarchar_80" />
      <field name="Phone" null="true" type="nvarchar_48" />
    </table>
    <table name="dbo.Suppliers">
      <field name="SupplierID" key="primary" type="int_4_10" />
      <field name="CompanyName" type="nvarchar_80" />
      <field name="ContactName" null="true" type="nvarchar_60" />
      <field name="ContactTitle" null="true" type="nvarchar_60" />
      <field name="Address" null="true" type="nvarchar_120" />
      <field name="City" null="true" type="nvarchar_30" />
      <field name="Region" null="true" type="nvarchar_30" />
      <field name="PostalCode" null="true" type="nvarchar_20" />
      <field name="Country" null="true" type="nvarchar_30" />
      <field name="Phone" null="true" type="nvarchar_48" />
      <field name="Fax" null="true" type="nvarchar_48" />
      <field name="HomePage" null="true" type="ntext_16" />
    </table>
    <table name="dbo.Territories">
      <field name="TerritoryID" key="primary" type="nvarchar_40" />
      <field name="TerritoryDescription" type="nchar_100" />
      <field_ref name="RegionID" ref_type="foreign" ref_table="dbo.Region" ref_field="RegionID" />
    </table>
  </tables>
</model>