﻿<?xml version="1.0" encoding="utf-8" ?>
<nbform xmlns:xsd="http://www.w3.org/2001/XMLSchema" xmlns:xsi="http://www.w3.org/2001/XMLSchema-instance" xsi:schemaLocation="NbFormV1 NbFormV1.xsd">
	<fields>
		<text name="TextField" label="Text Field"/>
		<text name="TextField2" label="Text Field2"/>
		<num name="Numield" label="Num Field"/>
		<num name="DateField" label="Date Field"/>
	</fields>
	<buttons>
		<button name="Ok" label="OK" func="Enter"/>
		<button name="Cancel" label="Cancel" func="Esc"/>
		<button name="Othe" label="Other" />
	</buttons>
</nbform>