<?xml version="1.0" encoding="utf-8"?>
<config xmlns:xsd="http://www.w3.org/2001/XMLSchema" xmlns:xsi="http://www.w3.org/2001/XMLSchema-instance">
  <environments>
    <environment name="Local" selected="true" icon_file="Trello" max_row_count="1000">
      <connection name="Northwind" type="mssql" conn_string="Server=(localdb)\mssqllocaldb;Database=Northwind;Integrated Security=True" />
    </environment>
    <environment name="Corei3" icon_file="BugNet" max_row_count="1000">
      <connection name="Northwind" type="mssql" conn_file="Server=COREI3\SQLEXPRESS;Database=Northwind;User Id=sa;Password=123" />
    </environment>
  </environments>
  <folders graphics="C:\Users\budan\.freemind\icons" />
  <toolbar1 vertical="true" merge_cells="true" last_table_group="Northwind" last_table="dbo.Territories" />
  <toolbar2>
    <query_button name="Exp" icon_file="MBNA" shortcut="Control, M" />
    <query_button name="DgmlExample" icon_file="stumbleupon_16" shortcut="Control, D" />
  </toolbar2>
</config>