﻿<?xml version="1.0" encoding="utf-8" ?>
<config xmlns:xsi="http://www.w3.org/2001/XMLSchema-instance" xmlns:xsd="http://www.w3.org/2001/XMLSchema" xsi:schemaLocation="DataWalkerConfig DataWalker.Config.xsd">
  <environments>
    <environment name="Env1" icon_file="Trello" selected="true" max_row_count="1000">
      <connection name="Aware" type="mssql" conn_file="C:\!Work\Conn\LocalAware"/>
    </environment>
    <environment name="Env2" icon_file="BugNet" max_row_count="1000">
      <connection name="Aware" type="mssql" conn_file="C:\!Work\Conn\CoreI3Aware"/>
    </environment>
  </environments>
  <folders graphics="C:\Users\budan\.freemind\icons" />
  <toolbar1 vertical="true" merge_cells="true" />
  <toolbar2>
    <query_button name="Exp" icon_file="MBNA" shortcut="Control, M"/>
    <query_button name="DgmlExample" icon_file="stumbleupon_16" shortcut="Control, D"/>
  </toolbar2>
</config>
 