<?xml version="1.0" encoding="utf-8"?>
<model xmlns:xsd="http://www.w3.org/2001/XMLSchema" xmlns:xsi="http://www.w3.org/2001/XMLSchema-instance" name="Home" 
       xsi:schemaLocation="NbOrmModelV1 C:\Repo\NbTools\NbTools\Orm\Xml\NbOrm.xsd">
  <types>
    <enum_static Ctype="string" ora_type="CHAR" length="2" name="Countries_enum"/>
  </types>
  <tables conn_name="HR">

    <file_data name="HtmlExperiment" description="Experiments with HTML">
      <html_flat path_pattern="C:\Temp\Korsun.htm" node_name="a" attribute_name="class" attribute_value="toc-item"/>
      <fields>
        <field name="Environemnt" type="nvarchar_20" comment="Name of execution environemnt"/>
      </fields>
    </file_data>

    <view name="DgmlExample">
      <fields>
        <field name="EMPLOYEE_ID" type="NUMBER_6" key="primary" />
        <field name="MANAGER_ID" type="NUMBER_6" null="true"/>
        <field name="DATA" type="VARCHAR2_40"/>
      </fields>
      <sql>
        select e.EMPLOYEE_ID, e.MANAGER_ID,
        e.FIRST_NAME || ' ' || e.Last_name as DATA
        from Employees e
      </sql>
    </view>
    
    <view name="Locations_Countries_V" description="Location and Countries VIEW">
      <fields>
        <field name="COUNTRY_ID" type="Countries_enum"/>
        <!--<field_ref name="COMB" ref_type="foreign"  ref_table="Countries_V" ref_field="COMB" />Reference to a parameter within the other view TODO: implement later -->
        <!--required to make BLOB links working -->
        <field_ref name="SOME_BLOB" ref_type="blob" ref_table="COUNTRIES" uri_key_field="COUNTRY_ID"/>
      </fields>
      <sql>
        <![CDATA[select c.*, r.*, c.region_id || c.country_id as comb
from COUNTRIES c inner join REGIONS r on c.REGION_ID = r.REGION_ID]]>
        <where_and>
          <param name="REGION_ID" type="NUMBER_6" ref_table="COUNTRIES" ref_field="REGION_ID" default_search="int" null="true"/>
        </where_and>
      </sql>
    </view>

    <view name="Countries_V" description="Location and Countries VIEW">
      <fields>
        <field name="COUNTRY_ID" type="Countries_enum" key="primary"/>
        <!--required to make BLOB links working -->
        <field_ref name="SOME_BLOB" ref_type="blob" ref_table="COUNTRIES" uri_key_field="COUNTRY_ID"/>
      </fields>
      <tables>
        <table_ref name="COUNTRY_KEYVALUE" is_key_value="true" />
      </tables>
      <sql>
        <![CDATA[select c.*, c.region_id || c.country_id as comb from COUNTRIES c]]>
        <where_and create_where="true">
          <param name="COMB" sql_name="c.region_id || c.country_id" type="VARCHAR2_40" ref_table="COUNTRIES" ref_field="COUNTRY_NAME" default_search="string" null="true"/>
        </where_and>
      </sql>
    </view>

    <join_query name="Locations_Countries_J" ref_table_left="LOCATIONS" ref_table_right="COUNTRIES" description="Location and Countries JOIN"/>

    <view name="Exp" description="Experimental view">
      <fields>
        <field name="cnt" type="Countries_enum"  key="primary" comment="field comment"/>
        <field_ref name="cnt2" ref_type="foreign" ref_table="COUNTRIES" ref_field="COUNTRY_ID"/>
        <field name="always_null" type="VARCHAR2_10" />
        <field_ref name="Region"  ref_type="foreign" ref_table="REGIONS"/>
      </fields>
      <sql>
        <![CDATA[select COUNTRY_ID as cnt, COUNTRY_ID as cnt2, null as always_null, 1 as Region from COUNTRIES]]>
      </sql>
    </view>

    <view name="Exp2" description="Experimental view 2">
      <fields>
        <field name="cnt" type="Countries_enum" comment="field comment"/>
        <field_ref name="cnt2" ref_type="foreign" ref_table="COUNTRIES" ref_field="COUNTRY_ID"/>
        <field name="always_null" type="VARCHAR2_10"  />
        <field_ref name="Region" ref_type="foreign" ref_table="REGIONS"/>
      </fields>

      <sql>
        <![CDATA[select * from DEPARTMENTS]]>
        <where_and>
          <param name="location_id" type="NUMBER_6" ref_table="LOCATIONS" ref_field="LOCATION_ID"  null="true" default_search="int"/>
          <param name="DEPARTMENT_NAME" type="NUMBER_6" ref_table="DEPARTMENTS" ref_field="DEPARTMENT_NAME" null="true" default_search="string"/>
        </where_and>
        order by DEPARTMENT_NAME
      </sql>
    </view>

    <!--<view name="C" description="View defined in C#">
      <fields>
        <field name="Environemnt" type="VARCHAR2_10" color="#203040" comment="Name of execution environemnt"/>
      </fields>
    </view>-->
  </tables>
</model>