<?xml version="1.0" encoding="utf-8"?>
<model xmlns:xsd="http://www.w3.org/2001/XMLSchema" xmlns:xsi="http://www.w3.org/2001/XMLSchema-instance" name="Home" 
       xsi:schemaLocation="NbOrmModelV1 C:\Repo\NbTools\NbTools\Orm\Xml\NbOrm.xsd">
  <types>
    <type_scalar name="BLOB" Ctype="blob" ora_type="BLOB" />
    <type_scalar name="DATE" Ctype="DateTime" ora_type="DATE" />
    <type_scalar name="NUMBER" Ctype="decimal" ora_type="NUMBER" length="38" precision="20" />
    <type_scalar name="NUMBER_2_2" Ctype="decimal" ora_type="NUMBER" length="2" precision="2" />
    <type_scalar name="NUMBER_4" Ctype="int" ora_type="NUMBER" length="4" />
    <type_scalar name="NUMBER_6" Ctype="int" ora_type="NUMBER" length="6" />
    <type_scalar name="NUMBER_8_2" Ctype="decimal" ora_type="NUMBER" length="8" precision="2" />
    <type_scalar name="NVARCHAR2_100" Ctype="string" ora_type="NVARCHAR2" length="100" />
    <type_scalar name="NVARCHAR2_2" Ctype="string" ora_type="NVARCHAR2" length="2" />
    <type_scalar name="VARCHAR2_10" Ctype="string" ora_type="VARCHAR2" length="10" />
    <type_scalar name="VARCHAR2_12" Ctype="string" ora_type="VARCHAR2" length="12" />
    <type_scalar name="VARCHAR2_20" Ctype="string" ora_type="VARCHAR2" length="20" />
    <type_scalar name="VARCHAR2_25" Ctype="string" ora_type="VARCHAR2" length="25" />
    <type_scalar name="VARCHAR2_30" Ctype="string" ora_type="VARCHAR2" length="30" />
    <type_scalar name="VARCHAR2_35" Ctype="string" ora_type="VARCHAR2" length="35" />
    <type_scalar name="VARCHAR2_40" Ctype="string" ora_type="VARCHAR2" length="40" />
  </types>
  <tables conn_name="HR">
    <table name="DOMAIN.COUNTRIES" color="#ffe5ff">
      <field name="COUNTRY_ID" key="primary" type="Countries_enum" />
      <field name="COUNTRY_NAME" null="true" type="VARCHAR2_40" />
      <field_ref name="REGION_ID" null="true" ref_type="foreign" ref_table="REGIONS" />
      <field name="SOME_BLOB" null="true" type="BLOB" />
    </table>
    <table name="COUNTRIES" color="#ffe5ff">
      <field name="COUNTRY_ID" key="primary" type="Countries_enum"  default_search="int"/>
      <field name="COUNTRY_NAME" null="true" type="VARCHAR2_40" />
      <field_ref name="REGION_ID" null="true" ref_type="foreign" ref_table="REGIONS" ref_field="REGION_ID" ref_comment="Comment for simple link"/>
      <field name="SOME_BLOB" null="true" type="BLOB"/>
      <field name="NULL_COL" null="true" type="VARCHAR2_40" />
    </table>
    <table name="COUNTRY_KEYVALUE">
      <field name="COUNTRY_ID" null="true" type="Countries_enum"/>
      <field name="FIELD_NAME" null="true" type="NVARCHAR2_100"/>
      <field name="FIELD_VALUE" null="true" type="NVARCHAR2_100"/>
    </table>
    <table name="DEPARTMENTS">
      <field name="DEPARTMENT_ID" key="primary" type="NUMBER_4" />
      <field name="DEPARTMENT_NAME" type="VARCHAR2_30" />
      <field_ref name="MANAGER_ID" null="true" ref_type="foreign" ref_table="EMPLOYEES" />
      <field_ref name="LOCATION_ID" null="true" ref_type="foreign" ref_table="LOCATIONS" />
    </table>
    <table name="EMP_DETAILS_VIEW">
      <field name="EMPLOYEE_ID" type="NUMBER_6" />
      <field name="JOB_ID" type="VARCHAR2_10" />
      <field name="MANAGER_ID" null="true" type="NUMBER_6" />
      <field name="DEPARTMENT_ID" null="true" type="NUMBER_4" />
      <field name="LOCATION_ID" null="true" type="NUMBER_4" />
      <field name="COUNTRY_ID" null="true" type="Countries_enum"  />
      <field name="FIRST_NAME" null="true" type="VARCHAR2_20" />
      <field name="LAST_NAME" type="VARCHAR2_25" />
      <field name="SALARY" null="true" type="NUMBER_8_2" />
      <field name="COMMISSION_PCT" null="true" type="NUMBER_2_2" />
      <field name="DEPARTMENT_NAME" type="VARCHAR2_30" />
      <field name="JOB_TITLE" type="VARCHAR2_35" />
      <field name="CITY" type="VARCHAR2_30" />
      <field name="STATE_PROVINCE" null="true" type="VARCHAR2_25" />
      <field name="COUNTRY_NAME" null="true" type="VARCHAR2_40" />
      <field name="REGION_NAME" null="true" type="VARCHAR2_25" />
    </table>
    <table name="EMPLOYEES">
      <field name="EMPLOYEE_ID" key="primary" type="NUMBER_6" />
      <field name="FIRST_NAME" null="true" type="VARCHAR2_20" />
      <field name="LAST_NAME" type="VARCHAR2_25" />
      <field name="EMAIL" type="VARCHAR2_25" />
      <field name="PHONE_NUMBER" null="true" type="VARCHAR2_20" />
      <field name="HIRE_DATE" type="DATE" />
      <field_ref name="JOB_ID" ref_type="foreign" ref_table="JOBS" />
      <field name="SALARY" null="true" type="NUMBER_8_2" />
      <field name="COMMISSION_PCT" null="true" type="NUMBER_2_2" />
      <field_ref name="MANAGER_ID" null="true" ref_type="foreign" ref_table="EMPLOYEES" />
      <field_ref name="DEPARTMENT_ID" null="true"  ref_type="foreign" ref_table="DEPARTMENTS" />
    </table>
    <table name="JOB_HISTORY">
      <field_ref name="EMPLOYEE_ID" key="primary" ref_type="foreign" ref_table="EMPLOYEES" />
      <field name="START_DATE" key="primary" type="DATE"  default_search="date" />
      <field name="END_DATE" type="DATE" />
      <field_ref name="JOB_ID"  ref_type="foreign" ref_table="JOBS" />
      <field_ref name="DEPARTMENT_ID" null="true" ref_type="foreign" ref_table="DEPARTMENTS" />
    </table>
    <table name="JOBS">
      <field name="JOB_ID" key="primary" type="VARCHAR2_10" />
      <field name="JOB_TITLE" type="VARCHAR2_35" />
      <field name="MIN_SALARY" null="true" type="NUMBER_6" />
      <field name="MAX_SALARY" null="true" type="NUMBER_6" />
    </table>
    <table name="LOCATIONS">
      <field name="LOCATION_ID" key="primary" type="NUMBER_4" />
      <field name="STREET_ADDRESS" null="true" type="VARCHAR2_40" />
      <field name="POSTAL_CODE" null="true" type="VARCHAR2_12" />
      <field name="CITY" type="VARCHAR2_30" />
      <field name="STATE_PROVINCE" null="true" type="VARCHAR2_25" />
      <field_ref name="COUNTRY_ID" null="true" ref_type="foreign" ref_table="COUNTRIES" />
    </table>
    <table name="REGIONS">
      <field name="REGION_ID" key="primary" type="NUMBER" />
      <field name="REGION_NAME" null="true" type="VARCHAR2_25" />
    </table>
  </tables>
</model>