<?xml version="1.0" encoding="utf-8"?>
<layout_info xmlns:xsd="http://www.w3.org/2001/XMLSchema" xmlns:xsi="http://www.w3.org/2001/XMLSchema-instance" xsi:schemaLocation="NbCollV1 C:\Repo\NbTools\NbTools\Collections\NbColl.xsd">
  <enum_file path="Home.csv" />
  <table name="COUNTRIES">
    <fields>
      <field name="COUNTRY_ID" type="string" key="primary" />
      <field name="COUNTRY_NAME" type="string" color="C1" />
      <field name="REGION_ID" type="int" color="C2">
        <link ref_type="foreign" ref_table="REGIONS" ref_field="REGION_ID" ref_comment="Comment for simple link" />
        <link ref_type="foreign" ref_table="DEPARTMENTS" ref_field="DEPARTMENT_ID" ref_icon="bebo_16.png" ref_comment="Comment for Icon" layout="IconOnly" />
      </field>
      <field name="SOME_BLOB" type="blob" null="true" color="C3">
        <link ref_type="blob" ref_table="COUNTRIES" ref_field="SOME_BLOB" ref_comment="Comment for self-blob" />
      </field>
      <field name="NULL_COL" type="int" null="true" color="C4" />
    </fields>
  </table>
  <table name="dbo.Territories">
    <fields>
      <field name="TerritoryID" type="string" />
      <field name="TerritoryDescription" type="string" />
      <field name="RegionID" type="int" />
    </fields>
  </table>
</layout_info>