<!--Отдельно XML для конфигурации полей - определяется профайлом и окошком редактирования столбцов-->


<data_request xmlns:xsd="http://www.w3.org/2001/XMLSchema" xmlns:xsi="http://www.w3.org/2001/XMLSchema-instance"
       xsi:schemaLocation="NbFilterV1 c:\Repo\Python\py2xsd\NbFilterV1.xsd">
  <!--<maxrow>1000</maxrow>-->
  <columns>
    <column>One</column>
    <column>Two</column>
  </columns>
  <sort>
    <sort_by name="Extension" desc="true"/>
    <sort_by name="Size"/>
  </sort>

  <filter>
    <and>
      <contain field="sLKF" val="lkjdg"/>
      <contain field="sLKF" val="lkjdg"/>
      <in_node field="ParentId" node_id="125" node_type="Dir"/>
    </and>
  </filter>
  
  
  <!--Фильтр - определяется фильтровым окошком делает where-->
 
  <!--<filter>
    <and>
      <eq fld="parentId" val="489"/>
      <in_subtree fld="tagId" val="12"/>
      <or>
        <contains fld="tagId" val="john"/>
        <contains fld="tagId" val="Doe"/>
        <contains fld="*" val="JD"/>
      </or>
    </and>
  </filter> -->
  
</data_request>