<?xml version="1.0" encoding="utf-8"?>
<all2all xmlns:xsd="http://www.w3.org/2001/XMLSchema" xmlns:xsi="http://www.w3.org/2001/XMLSchema-instance" xsi:schemaLocation="all2allv1 C:\Repo\All2All\All2AllModel\All2all.xsd">
  <nodes>
    <node id="122" name="Yellow Submarine">
      <directory created="0001-01-01T00:00:00" />
    </node>
    <node id="56468756654866" name="Only a northern song">
      <file file_name="song" extension="mp4" length="1256695" created="0001-01-01T00:00:00" modified="0001-01-01T00:00:00" accessed="0001-01-01T00:00:00" />
      <audio bit_rate="128" time="182" />
      <playable is_list="0" />
    </node>
  </nodes>
  <ref_types>
    <ref_type id="CNT" meaning="Contains" meaning_reverse="Contained in" />
  </ref_types>
  <refs>
    <ref typ="CNT" frm="56468756654866" to="122" ord="0" />
  </refs>
</all2all>