﻿<?xml version="1.0" encoding="utf-8"?>
<a2a_types xmlns:xsd="http://www.w3.org/2001/XMLSchema" xmlns:xsi="http://www.w3.org/2001/XMLSchema-instance" xsi:schemaLocation="A2aTypes ..\..\..\NbTools\NbTools\Filter\A2aTypes.xsd">
  <types>
    <type name="Root"  hierarchy_table="Dirs">
      <column name="name" display_type="String"/>
    </type>
    <type name="Server"  hierarchy_table="Dirs">
      <column name="name" display_type="String"/>
    </type>
    <type name="Node"  hierarchy_table="Dirs">
      <column name="name" display_type="String"/>
    </type>
    <type name="Mailbox"  hierarchy_table="Dirs">
      <column name="name" display_type="String"/>
    </type>

    <type name="tag" hierarchy_table="Dirs">
      <column name="name" display_type="String"/>
    </type>


    <type name="file">
      <column name="name" display_type="String"/>
      <column name="file_name" display_type="String"/>
      <column name="extension" display_type="String"/>
      <column name="length" display_type="FileSize"/>
    </type>

    <type name="audio"  hierarchy_table="Dirs">
      <column name="bit_rate" display_type="Number"/>
      <column name="time" display_type="String"/>
    </type>

    <type name="playable"  hierarchy_table="Dirs">
      <column name="is_list" display_type="Number"/>
    </type>

    <type name="video">
      <column name="name" display_type="String"/>
      <column name="width" display_type="Number"/>
      <column name="hight" display_type="Number"/>
      <column name="bit_rate" display_type="Number"/>
      <column name="duration" display_type="String"/>
    </type>


  </types>
  
  <tree_views>
    <tree_view name="Dirs">
      <type>Root</type>
      <type>Server</type>
      <type>Node</type>
      <type>Mailbox</type>
    </tree_view>
  </tree_views>
  
  <list_views>
    <list_view name="Video Files" type="video" request_name="ServerNodesView"/>
  </list_views>
</a2a_types>
  