<?xml version="1.0" encoding="utf-8"?>
<model xmlns:xsd="http://www.w3.org/2001/XMLSchema" xmlns:xsi="http://www.w3.org/2001/XMLSchema-instance" name="TT" xsi:schemaLocation="NbOrmModelV1 C:\Repo\NbTools\NbOrm\Xml\NbOrm.xsd">
  <tables>
    <table name="COUNTRIES" color="#ffe5ff">
      <field name="COUNTRY_ID" Ctype="string" length="2" key="primary" />
      <field name="COUNTRY_NAME" Ctype="string" length="40" />
      <field_foreign name="REGION_ID" null="true" ref_table="REGIONS" />
    </table>
    <table name="DEPARTMENTS">
      <field name="DEPARTMENT_ID" Ctype="int" length="4" key="primary" />
      <field name="DEPARTMENT_NAME" Ctype="string" length="30" />
      <field_foreign name="MANAGER_ID" null="true" ref_table="EMPLOYEES" />
      <field_foreign name="LOCATION_ID" null="true" ref_table="LOCATIONS" />
    </table>
    <table name="EMP_DETAILS_VIEW">
      <field name="EMPLOYEE_ID" Ctype="int" length="6" />
      <field name="JOB_ID" Ctype="string" length="10" />
      <field name="MANAGER_ID" Ctype="int" length="6" />
      <field name="DEPARTMENT_ID" Ctype="int" length="4" />
      <field name="LOCATION_ID" Ctype="int" length="4" />
      <field name="COUNTRY_ID" Ctype="string" length="2" />
      <field name="FIRST_NAME" Ctype="string" length="20" />
      <field name="LAST_NAME" Ctype="string" length="25" />
      <field name="SALARY" Ctype="decimal" length="8" precision="2" />
      <field name="COMMISSION_PCT" Ctype="decimal" length="2" precision="2" />
      <field name="DEPARTMENT_NAME" Ctype="string" length="30" />
      <field name="JOB_TITLE" Ctype="string" length="35" />
      <field name="CITY" Ctype="string" length="30" />
      <field name="STATE_PROVINCE" Ctype="string" length="25" />
      <field name="COUNTRY_NAME" Ctype="string" length="40" />
      <field name="REGION_NAME" Ctype="string" length="25" />
    </table>
    <table name="EMPLOYEES">
      <field name="EMPLOYEE_ID" Ctype="int" length="6" key="primary" />
      <field name="FIRST_NAME" Ctype="string" length="20" />
      <field name="LAST_NAME" Ctype="string" length="25" />
      <field name="EMAIL" Ctype="string" length="25" />
      <field name="PHONE_NUMBER" Ctype="string" length="20" />
      <field name="HIRE_DATE" Ctype="DateTime" />
      <field_foreign name="JOB_ID" ref_table="JOBS" />
      <field name="SALARY" Ctype="decimal" length="8" precision="2" />
      <field name="COMMISSION_PCT" Ctype="decimal" length="2" precision="2" />
      <field_foreign name="MANAGER_ID" null="true" ref_table="EMPLOYEES" />
      <field_foreign name="DEPARTMENT_ID" null="true" ref_table="DEPARTMENTS" />
    </table>
    <table name="JOB_HISTORY">
      <field_foreign name="EMPLOYEE_ID" ref_table="EMPLOYEES" />
      <field name="START_DATE" Ctype="DateTime" key="primary" />
      <field name="END_DATE" Ctype="DateTime" />
      <field_foreign name="JOB_ID" ref_table="JOBS" />
      <field_foreign name="DEPARTMENT_ID" null="true" ref_table="DEPARTMENTS" />
    </table>
    <table name="JOBS">
      <field name="JOB_ID" Ctype="string" length="10" key="primary" />
      <field name="JOB_TITLE" Ctype="string" length="35" />
      <field name="MIN_SALARY" Ctype="int" length="6" />
      <field name="MAX_SALARY" Ctype="int" length="6" />
    </table>
    <table name="LOCATIONS">
      <field name="LOCATION_ID" Ctype="int" length="4" key="primary" />
      <field name="STREET_ADDRESS" Ctype="string" length="40" />
      <field name="POSTAL_CODE" Ctype="string" length="12" />
      <field name="CITY" Ctype="string" length="30" />
      <field name="STATE_PROVINCE" Ctype="string" length="25" />
      <field_foreign name="COUNTRY_ID" null="true" ref_table="COUNTRIES" />
    </table>
    <table name="REGIONS" color="#ffffe5">
      <field name="REGION_ID" Ctype="decimal" length="38" precision="20" key="primary" />
      <field name="REGION_NAME" Ctype="string" length="25" />
    </table>
    <view name="MyView">
      <sql><![CDATA[select * from COUNTRIES c inner join REGIONS r on c.REGION_ID = r.REGION_ID]]></sql>
      <table_ref name="COUNTRIES"/>
      <table_ref name="REGIONS"/>
    </view>
    <view name="TT01view">
      <field name="FileLine" Ctype="string"  color="#987D71"/>
      <field name="Col1" Ctype="string"  color="#FA7C92"/>
      <field name="Col2" Ctype="string" color="#6EC4DB"/>
      <field name="Col3" Ctype="string" color="#FFF7C0"/>
      <field name="Col4" Ctype="string" color="#66AB8C"/>
      
      <!-- 28. Fresh and Lively color="#4CDEF5" color="#A4D555" color="#FF5992" color="#841983"-->
    </view>
    <join_query name="Join1" ref_table_left="LOCATIONS" ref_table_right="COUNTRIES"/>
  </tables>
</model>