<?xml version="1.0" encoding="utf-8"?>
<layout_info  xmlns:xsd="http://www.w3.org/2001/XMLSchema" xmlns:xsi="http://www.w3.org/2001/XMLSchema-instance" xsi:schemaLocation="NbCollV1 C:\Repo\NbTools\NbTools\Collections\NbColl.xsd">
  <!--<enum_file path="Home.csv"/>-->

  <table name="Main">
    <fields>
      <field name="Key" key="primary" type="string"/>
      <field name="Name" type="string" color="C1"/>
      <field name="Parent" type="string" color="C2">
        <link ref_type="foreign" ref_table="Main" ref_field="Key" ref_comment="For Tree structure" />
      </field>
    </fields>
  </table>
</layout_info>