﻿<?xml version="1.0" encoding="utf-8"?>
<content xml:space="preserve">
	<!-- NOTE: This file must appear LAST in the list of content files so that these items override the matching
						 items in the stock content files! -->

	<item id="topicTitle_root">{@RootNamespaceTitle}</item>
	<!-- This is used when a title is not specified in the project -->
	<item id="rootTopicTitleLocalized">命名空间</item>

	<item id="header">{@HeaderText} {@Preliminary}</item>
	<item id="preliminary">_**\[This is preliminary documentation and is subject to change.\]**_</item>
</content>
